Name,Email,Last Login,Workspace,Role
Ezekiel Heaney,ernie@auer.io,2022-06-07 19:48:33 +0800,"Zemlak, Walter and Berge",member
Christen Feeney,tonie@pacocha.co,,Pagac LLC,member
Lavada Harris V,clay@schmidt-sauer.co,2022-05-01 12:40:41 +0800,"Zemlak, Walter and Berge",member
Serena Rath,nidia@stark.com,2021-02-01 02:29:57 +0800,"Zemlak, Walter and Berge",member
Hyman Bauch II,song@schuster-rau.net,2022-08-10 04:55:46 +0800,"Blanda, Lang and Mante",member
Cruz Schulist,dewey@fritsch-ruecker.net,2021-01-13 03:20:24 +0800,"Zemlak, Walter and Berge",member
Lanell Champlin,iraida@gutmann.com,2022-04-08 08:57:49 +0800,"Ward, Purdy and Bahringer",admin
Colleen Koss,lashay@schowalter.biz,2022-06-28 11:32:51 +0800,"Blanda, Lang and Mante",admin
Sharie Kemmer,dong.corwin@mills.co,2020-12-25 16:04:28 +0800,"Zemlak, Walter and Berge",admin
Kayla Altenwerth,sherril.bruen@farrell.com,2022-02-15 16:24:23 +0800,"Blanda, Lang and Mante",admin
Mei Marks,neely.schaefer@herman.net,2022-06-29 18:05:37 +0800,"Mraz, Stamm and Swift",
Darla Cassin,marielle@hermiston.net,2021-10-22 05:48:14 +0800,Pagac LLC,guest
The Hon. Chae Luettgen,harvey.rice@batz.name,2021-08-12 03:38:02 +0800,Anderson-Stokes,guest
Noël,noel@google.com,2021-01-22 21:30:16 +0800,"Feeney, Wiza and Haley",member
Alejandro Johnson PhD,jonathon.schuster@windler.biz,2021-02-10 01:48:01 +0800,Kling Group,admin
Douglas Lowe,lean_vandervort@carter.biz,2021-11-12 22:26:10 +0800,Anderson-Stokes,admin
,wayne.collier@leuschke-mcglynn.org,2021-02-21 23:46:37 +0800,Pagac LLC,guest
Mr. Burma Bauch,ezra@torp-prohaska.name,2022-07-08 18:20:47 +0800,"Ward, Purdy and Bahringer",admin
Elaine Wunsch,vicente@barton-hegmann.com,2022-02-11 13:24:01 +0800,,guest
Thad Lockman,,2021-12-26 03:21:09 +0800,Kling Group,admin
Michel Jacobi Jr.,raphael.corwin@deckow-blanda.io,,"Zemlak, Walter and Berge",guest
Easter Becker DC,francisco.boyer@hessel-morar.net,2021-08-15 18:04:04 +0800,"Zemlak, Walter and Berge",member
Leida Gibson,marline@stark.biz,2021-01-19 22:33:30 +0800,Kling Group,guest
Ms. Debi Ledner,,2021-06-26 11:48:43 +0800,"Zemlak, Walter and Berge",member
Simon Greenholt,arlen@willms-terry.name,2021-12-02 01:58:15 +0800,Anderson-Stokes,member
Msgr. Rashida Robel,leopoldo_baumbach@leuschke.net,,Kling Group,admin
Merrill Blick,lawerence@considine.biz,2022-04-20 13:45:44 +0800,"Blanda, Lang and Mante",member
Sen. King Von,devona_bogan@gutkowski.name,2021-10-25 11:51:09 +0800,"Ward, Purdy and Bahringer",admin
Dale Ryan,kizzie_beahan@schamberger.info,2022-05-24 17:11:38 +0800,"Zemlak, Walter and Berge",guest
Tracie Spencer,kam@gusikowski.net,2022-05-12 12:22:56 +0800,"Zemlak, Walter and Berge",guest
Shalonda DuBuque,rudolf@crona.org,2022-08-27 22:04:06 +0800,"Feeney, Wiza and Haley",member
Dr. Earnest Sanford,jody_jenkins@weber.info,,"Zemlak, Walter and Berge",guest
Jamel Durgan,danyell@stoltenberg.info,2021-10-16 04:10:13 +0800,,admin
Carmen Ullrich MD,lizette_grimes@schaefer.com,2020-09-10 02:52:43 +0800,Kling Group,member
Mr. Lionel Williamson,rudolf.batz@bernier.biz,2020-10-17 14:59:02 +0800,"Mraz, Stamm and Swift",admin
Mrs. Mandy Ruecker,harris_medhurst@mccullough.name,2021-04-04 11:37:20 +0800,Anderson-Stokes,admin
Royal Jacobson,harris.stiedemann@heller-bernhard.io,2021-07-07 13:04:49 +0800,"Blanda, Lang and Mante",member
Belia Boehm,lakiesha_smith@schaefer-schumm.org,2022-06-03 04:21:19 +0800,"Zemlak, Walter and Berge",guest
Ranae Morissette,julianne@lebsack.co,2021-06-16 11:49:30 +0800,"Feeney, Wiza and Haley",member
Winnifred Hessel V,deandre.macgyver@mclaughlin.com,2020-09-13 17:40:28 +0800,Pagac LLC,admin
Darryl Muller,harry@metz.org,2022-03-02 20:28:30 +0800,"Mraz, Stamm and Swift",admin
Collen Schmitt,lonny.kling@stoltenberg.org,2022-04-19 11:12:11 +0800,Collier Inc,member
Oneida Roberts,yoko_marvin@hartmann.com,2020-11-20 01:20:27 +0800,Collier Inc,guest
Norberto Brown,erwin@hintz.com,2022-03-09 23:23:45 +0800,"Ward, Purdy and Bahringer",guest
Abram Raynor,geraldo@kozey-roob.biz,2021-02-10 03:51:01 +0800,Pagac LLC,admin
Cyrus Hauck,cherryl_labadie@crist-miller.info,2022-03-20 06:52:07 +0800,Kling Group,member
Antionette Cremin,susie_lubowitz@schiller-kshlerin.org,2021-04-26 00:11:05 +0800,"Blanda, Lang and Mante",guest
Jeannetta Mills,chas.wilkinson@mayert-ebert.org,2020-10-16 01:25:57 +0800,"Ward, Purdy and Bahringer",member
Jonelle Grant,bret@feeney.info,2022-04-01 06:34:45 +0800,"Blanda, Lang and Mante",guest
Pat Crooks,,2022-02-24 16:51:10 +0800,"Feeney, Wiza and Haley",admin
Sen. Boyd Strosin,rosalie@feil.co,2021-09-26 23:58:26 +0800,Kling Group,admin
Prof. Chi Waelchi,julian@nikolaus.name,2021-09-01 20:15:06 +0800,Pagac LLC,member
Elia O'Keefe,theron.prohaska@schiller.info,2021-08-04 02:04:31 +0800,"Bode, Schaefer and Kub",guest
Prof. Daren Prohaska,alton@schmidt-grady.biz,2021-10-24 06:31:15 +0800,"Mraz, Stamm and Swift",member
Prof. Tamala Fritsch,manuel.paucek@jones-rohan.biz,2021-12-04 22:03:56 +0800,Anderson-Stokes,admin
Justin Johns MD,alleen_prosacco@jones.info,2021-08-18 06:44:21 +0800,"Bode, Schaefer and Kub",member
Gov. Corrin Muller,viva_lesch@schmitt.info,2022-08-25 15:02:23 +0800,"Mraz, Stamm and Swift",member
Stanley Maggio,lavelle_pagac@daniel.biz,2020-12-12 10:25:22 +0800,Anderson-Stokes,admin
Amb. Rubin Reichert,joey.haag@mertz-paucek.name,2021-05-19 20:26:03 +0800,"Bode, Schaefer and Kub",admin
Dominick Stoltenberg,,2022-04-22 00:24:55 +0800,Anderson-Stokes,guest
Irving Dickens,amiee@hayes-lindgren.name,,"Blanda, Lang and Mante",member
Charla Shanahan,dwain@murphy.name,2020-09-20 16:41:36 +0800,Kling Group,guest
Sandy Breitenberg Ret.,robert@pfannerstill.com,2022-05-21 07:22:45 +0800,Anderson-Stokes,member
Camila Tillman,milford@emmerich.net,,"Feeney, Wiza and Haley",guest
Maranda Schultz,paulina@pouros.name,2021-02-02 02:13:49 +0800,"Feeney, Wiza and Haley",admin
Freddie Herman Esq.,eura_bernier@ziemann.co,2020-09-24 09:27:25 +0800,,guest
Mitch McCullough,florinda@bechtelar.org,2020-10-28 13:55:06 +0800,Collier Inc,admin
Mrs. Nova Kohler,tomiko@moen-witting.net,2021-04-20 15:28:08 +0800,"Zemlak, Walter and Berge",guest
Miss Jannet Hirthe,scott_cassin@jast-ebert.com,2022-07-17 13:29:46 +0800,"Bode, Schaefer and Kub",admin
Prof. Daryl Bauch,kimberlee_hintz@berge.biz,2021-06-25 02:16:21 +0800,"Zemlak, Walter and Berge",admin
Kyle Olson PhD,isaiah.runolfsdottir@wunsch.info,2021-05-06 14:08:10 +0800,"Mraz, Stamm and Swift",guest
Ardis Abbott II,trinidad_beier@bradtke.co,2021-06-11 14:00:27 +0800,"Ward, Purdy and Bahringer",member
Carson McClure,ossie.gusikowski@altenwerth.com,2021-03-16 19:21:43 +0800,"Ward, Purdy and Bahringer",guest
Bryan O'Reilly,denny@wisoky.net,2020-11-29 08:18:48 +0800,,member
Vance Morar,alvera_kertzmann@lind-kris.name,2020-09-26 21:37:49 +0800,Collier Inc,member
Leopoldo Haag LLD,,2021-09-20 11:30:08 +0800,Anderson-Stokes,admin
Hassie Hessel,avery.little@cummings.com,2021-04-13 02:43:48 +0800,Anderson-Stokes,member
Bessie Farrell,marcelo_mccullough@lindgren.org,2021-08-24 18:50:43 +0800,"Ward, Purdy and Bahringer",guest
Amb. Felton Ritchie,gregorio@morissette.org,2021-12-12 00:07:30 +0800,Collier Inc,member
Rep. Werner Kohler,kerry@stark.name,2022-07-07 14:13:55 +0800,Collier Inc,member
Refugio Reichert,ronnie@reilly-weissnat.info,2020-09-13 02:47:32 +0800,"Mraz, Stamm and Swift",member
Vernie Sporer JD,tonia@effertz-bergnaum.name,2022-05-31 03:08:40 +0800,Collier Inc,admin
Norbert Bernier,raymon_rutherford@stoltenberg.info,2021-06-21 02:00:53 +0800,"Zemlak, Walter and Berge",admin
Hermelinda VonRueden,yoshiko@gerhold.org,2021-11-23 11:27:20 +0800,Anderson-Stokes,guest
Dion Little II,reginald.carter@armstrong.com,2022-05-29 18:39:35 +0800,"Ward, Purdy and Bahringer",member
Concepcion Wolff,raymon_braun@jerde.com,2021-10-25 22:07:16 +0800,Anderson-Stokes,admin
Jo Fay JD,broderick_schmeler@lehner-kuhic.org,2022-03-10 04:11:23 +0800,"Bode, Schaefer and Kub",guest
Francesca Toy,alonso.kuhic@hodkiewicz-prohaska.org,2021-11-28 10:48:00 +0800,"Zemlak, Walter and Berge",
Asa Goldner,,2020-09-17 21:54:23 +0800,Kling Group,admin
Francesca Wyman,darwin.spinka@waters.biz,2022-04-16 10:08:59 +0800,Kling Group,admin
Selina Stanton Esq.,tricia@olson.info,2021-07-14 17:01:30 +0800,Collier Inc,admin
Justin Cummerata,marty.goldner@greenfelder-lockman.org,2021-10-27 22:03:10 +0800,"Zemlak, Walter and Berge",admin
Craig Jast,sharonda_metz@walter.org,2021-11-06 11:33:08 +0800,"Bode, Schaefer and Kub",guest
Margarito Ruecker,florentino@welch-hand.name,2020-09-26 18:34:15 +0800,Pagac LLC,guest
Charolette Bartoletti,harvey@tremblay-boehm.com,,"Blanda, Lang and Mante",guest
Jess Lindgren,young@hand.co,2021-11-06 12:11:02 +0800,"Zemlak, Walter and Berge",admin
Crista Mosciski,migdalia.macejkovic@collins-stark.co,2022-01-31 14:03:39 +0800,Anderson-Stokes,admin
Doug Volkman,glenn@yundt.biz,2021-08-23 21:30:35 +0800,"Mraz, Stamm and Swift",admin
Latisha Christiansen CPA,daron.stamm@mcclure.name,2020-10-24 18:15:40 +0800,"Zemlak, Walter and Berge",admin
Mathew Champlin,kina@bradtke.org,2022-02-28 06:33:35 +0800,,member
Forrest Gottlieb,eduardo_howe@sporer.info,2022-08-04 16:46:35 +0800,Collier Inc,member
Anastasia Walter,zonia_kulas@blick-herman.name,2022-06-12 21:41:37 +0800,"Blanda, Lang and Mante",member
Terry Auer,noel@rowe-stiedemann.biz,2022-08-30 22:35:58 +0800,"Zemlak, Walter and Berge",member
Mr. Dalton Morar,mariela@roob.org,2020-10-26 18:12:10 +0800,Collier Inc,member
Clinton Lubowitz,dee@schmeler.com,2021-01-22 06:36:44 +0800,"Ward, Purdy and Bahringer",guest
Shara Bosco V,joni@tromp.com,2022-01-31 19:57:14 +0800,,member
Mrs. Dorthey Stoltenberg,nguyet@leuschke.org,2021-11-20 02:58:14 +0800,Kling Group,admin
Dominque Mertz,horace@fritsch-will.io,2021-08-23 22:28:55 +0800,Anderson-Stokes,guest
Van Douglas,malcolm@satterfield.co,2022-04-12 00:12:17 +0800,"Ward, Purdy and Bahringer",admin
Sanford Swaniawski,beverly_dickens@okeefe-rippin.org,2021-10-22 12:15:29 +0800,Collier Inc,admin
Clint Little,perry.reilly@nikolaus-rowe.co,2021-06-22 06:10:01 +0800,Pagac LLC,admin
Hunter Lueilwitz,deangelo.nitzsche@weissnat-keeling.net,2021-10-22 08:03:35 +0800,Kling Group,admin
Jerry Zulauf IV,otto@nader.name,2020-12-31 07:35:55 +0800,"Zemlak, Walter and Berge",admin
Raul Sipes,wm@rippin-bins.net,2021-03-14 02:42:49 +0800,Anderson-Stokes,admin
Karl Littel,katerine@hermiston.info,2022-05-03 05:22:17 +0800,Collier Inc,guest
Shawnta Muller,rickey_doyle@hermann-bahringer.biz,2020-11-09 05:53:06 +0800,Kling Group,admin
Lucia Gutmann,florencia@jaskolski.biz,2021-09-08 11:36:11 +0800,Collier Inc,member
Floria Hudson,ngan@zulauf-jerde.biz,,Pagac LLC,admin
Celia Senger,carlo@green.org,2022-01-11 13:59:52 +0800,,admin
Jewel Mayer,ashleigh.langosh@hyatt.org,2020-12-21 17:53:58 +0800,"Zemlak, Walter and Berge",guest
Heidi Jacobi,janina@schmeler.com,2022-06-02 19:42:24 +0800,Kling Group,member
Nina Larkin,claude@zboncak.com,2021-06-30 20:14:32 +0800,,member
Wilson Daugherty,norris@kozey.net,2021-08-07 17:55:33 +0800,Pagac LLC,admin
Marc,marc@google.com,2020-10-30 10:17:20 +0800,Collier Inc,guest
Rep. Stefan Wilkinson,zella@osinski.co,2021-07-13 06:03:54 +0800,Kling Group,member
Larry Keebler,mack.gutmann@kautzer.org,2020-09-25 19:36:45 +0800,"Mraz, Stamm and Swift",member
Sharla Osinski,jacinto.effertz@cassin-williamson.io,2021-05-29 06:01:01 +0800,"Bode, Schaefer and Kub",admin
Collen Stanton,carmelina_rutherford@runte-kessler.io,2022-04-06 10:19:46 +0800,"Feeney, Wiza and Haley",guest
Miss Shayne Lockman,alexis_gerlach@terry.com,2022-08-06 19:44:45 +0800,"Zemlak, Walter and Berge",member
Julian Rosenbaum,,2021-06-08 20:05:02 +0800,Kling Group,member
,antony@glover.info,2021-03-01 06:43:53 +0800,"Zemlak, Walter and Berge",guest
Edwin Hamill,loren@hermann-rodriguez.net,2022-08-28 13:20:11 +0800,"Blanda, Lang and Mante",member
Elmer Kautzer,madaline@wisozk-thiel.com,2022-04-22 18:14:30 +0800,,member
Virgie Dickinson,zaida@berge.biz,2022-03-25 18:00:09 +0800,"Feeney, Wiza and Haley",admin
Amb. Khalilah Gleason,lloyd_anderson@turner-aufderhar.org,2021-04-16 20:05:12 +0800,Pagac LLC,guest
Alonso Fadel DVM,thaddeus@block-stroman.co,2020-09-10 14:58:17 +0800,"Zemlak, Walter and Berge",guest
Alberto Rosenbaum,alan@rice-farrell.org,2022-07-27 02:40:24 +0800,Anderson-Stokes,member
Sen. Lorean Kautzer,jene@fritsch-grimes.co,2021-09-12 02:13:56 +0800,Pagac LLC,guest
Margene Ward,marquis@hand.net,2021-01-11 06:26:44 +0800,"Mraz, Stamm and Swift",admin
Donald Walter,jamison_beahan@rogahn.net,2021-02-21 17:22:27 +0800,"Feeney, Wiza and Haley",admin
Ozella Harber,larae.hirthe@vonrueden.biz,2021-05-12 10:26:28 +0800,"Ward, Purdy and Bahringer",member
Fidel Harvey,ray.raynor@rutherford.org,2022-07-30 09:41:00 +0800,Kling Group,guest
Chance Daugherty,jeanmarie.kassulke@wolf.io,2021-06-15 06:26:59 +0800,"Feeney, Wiza and Haley",member
Miss Zackary Reilly,jaime@abbott-kohler.name,2020-09-14 16:58:09 +0800,"Blanda, Lang and Mante",admin
Jutta Bode,milford@kozey-ullrich.net,2021-09-03 17:59:33 +0800,"Bode, Schaefer and Kub",guest
Tashia Considine IV,jessie.ziemann@reinger.org,2020-11-03 10:37:46 +0800,"Blanda, Lang and Mante",guest
Jenae Brakus,desmond@christiansen.io,2021-09-08 03:07:47 +0800,Collier Inc,guest
Kaleigh Dibbert,cecile_cartwright@hintz.io,2021-11-09 10:24:48 +0800,Kling Group,guest
Terry Powlowski,ricky@satterfield.io,2022-05-25 03:14:00 +0800,"Bode, Schaefer and Kub",guest
Cherelle Walter,giovanni.oreilly@crooks.info,,"Bode, Schaefer and Kub",member
Emelda Schaden,elliott.oconner@willms.org,2020-11-08 04:23:51 +0800,Collier Inc,admin
Timothy Tromp,johana@will-gulgowski.name,2022-06-10 21:34:36 +0800,"Ward, Purdy and Bahringer",admin
Andreas Spinka CPA,maren@rogahn.biz,2021-03-08 04:14:43 +0800,"Mraz, Stamm and Swift",admin
The Hon. Ayana Bergstrom,sol@white.co,2022-02-28 04:12:45 +0800,"Mraz, Stamm and Swift",guest
Lynda Schimmel,bradford.bergnaum@wilkinson-rice.com,2021-09-23 15:52:19 +0800,"Feeney, Wiza and Haley",admin
Donna Heathcote,tosha.muller@huels.info,2021-12-17 00:10:17 +0800,Pagac LLC,
Mr. Melvin Effertz,rory_brown@hickle.biz,2021-12-25 02:40:23 +0800,"Zemlak, Walter and Berge",admin
Clair Hagenes,robby.zieme@dare.io,2022-03-16 09:03:52 +0800,"Zemlak, Walter and Berge",admin
Rev. Mac Russel,marin_bauch@white.com,2021-11-24 10:37:52 +0800,"Mraz, Stamm and Swift",guest
Hae Connelly V,murray@leannon.co,2021-07-25 04:08:01 +0800,Kling Group,member
Willard Mann,,2021-01-20 02:47:27 +0800,Collier Inc,member
Johnie Sipes,candida@dibbert-toy.name,2021-10-04 07:45:56 +0800,Kling Group,admin
Mac MacGyver PhD,trena@ernser.net,2021-04-03 20:40:10 +0800,"Blanda, Lang and Mante",guest
Annamaria Hessel,monet.hoeger@reichel.com,2021-07-02 05:30:00 +0800,Kling Group,admin
Rusty Osinski,shavonda@greenfelder.name,2021-10-09 22:25:24 +0800,"Zemlak, Walter and Berge",admin
Martin Marvin,erin@kihn.name,2021-02-18 19:24:45 +0800,"Bode, Schaefer and Kub",guest
Rep. Donte Heathcote,candi@ryan-jacobi.io,2020-12-12 22:57:05 +0800,Kling Group,member
Aliza Nitzsche,,2020-12-31 01:42:01 +0800,Anderson-Stokes,admin
Msgr. Young Stracke,cole.franecki@thompson-crona.name,2022-07-21 18:58:22 +0800,Pagac LLC,guest
Lani Moen,brooks_grady@willms.info,2021-05-11 07:23:07 +0800,Kling Group,member
Joelle Emard,laurie@vandervort-borer.name,2021-11-27 08:58:19 +0800,"Ward, Purdy and Bahringer",member
Jin Jacobi,elizabet.bode@romaguera.name,2021-08-14 10:41:28 +0800,Pagac LLC,admin
Billye Stracke,deonna.spinka@rodriguez-herzog.io,2022-03-25 04:39:44 +0800,"Blanda, Lang and Mante",member
Raphael Powlowski,don.roberts@macgyver-raynor.net,2020-10-18 18:39:06 +0800,Pagac LLC,member
Felix Schmidt DC,charlesetta@monahan.biz,2022-04-10 22:50:44 +0800,Pagac LLC,guest
Ms. Letty Aufderhar,jame@kessler.name,2022-02-10 14:41:20 +0800,"Feeney, Wiza and Haley",member
Rep. Vicenta Dietrich,azalee@denesik.io,2021-03-02 15:55:23 +0800,,member
Glenn Kub,kristeen@harris.info,2022-03-26 12:12:15 +0800,,guest
Gilberto Hand,epifania@quigley.co,2021-01-13 18:54:09 +0800,Kling Group,guest
Malik Lehner,vance_ritchie@bayer.info,2021-02-07 06:46:33 +0800,"Blanda, Lang and Mante",guest
Mrs. Louie Wolf,cleveland@heller-williamson.biz,2021-12-03 11:17:19 +0800,Pagac LLC,member
Rep. Mikel Jenkins,,2021-02-28 11:19:12 +0800,Pagac LLC,admin
Marc Kertzmann V,latashia_schaefer@heller-heaney.net,2021-02-20 18:50:02 +0800,"Feeney, Wiza and Haley",guest
Dorothea Rodriguez,arlean@barton.biz,2021-09-11 14:08:04 +0800,"Feeney, Wiza and Haley",admin
Tobias Ziemann,ward@maggio.name,2021-09-18 23:06:35 +0800,"Ward, Purdy and Bahringer",member
,shasta@hauck.biz,2021-10-17 03:05:22 +0800,"Feeney, Wiza and Haley",member
Pansy Yundt,paul.greenfelder@sanford.com,2021-06-21 03:12:11 +0800,Pagac LLC,admin
,gerard_romaguera@glover-bins.biz,2022-01-24 20:59:13 +0800,"Zemlak, Walter and Berge",member
Christena Kshlerin,andres@armstrong.com,2021-01-29 16:45:46 +0800,"Mraz, Stamm and Swift",guest
Rep. Robt Rohan,lorette_luettgen@breitenberg.info,2022-08-10 07:18:23 +0800,Collier Inc,guest
Novella Moore VM,perry@grant-sawayn.name,2021-09-17 00:53:57 +0800,"Bode, Schaefer and Kub",admin
Pres. Isaac O'Hara,aurea@buckridge-shanahan.info,2021-08-22 19:26:59 +0800,Anderson-Stokes,admin
Bettye Stamm,margit_moore@pouros.co,2021-04-25 21:54:06 +0800,Kling Group,guest
Lashaun Dickens,carylon.klein@kub.co,2022-01-29 23:27:38 +0800,Collier Inc,guest
Palmer Kuvalis,santo@christiansen-welch.biz,2022-01-01 05:04:01 +0800,"Bode, Schaefer and Kub",admin
Denis Boehm,rey.dicki@harvey.info,2022-08-05 21:45:11 +0800,"Blanda, Lang and Mante",admin
Raul Rogahn,evon_kohler@altenwerth.info,2022-01-12 16:54:34 +0800,Anderson-Stokes,admin
Yolanda Roberts,erich.wunsch@pacocha.biz,2021-12-14 12:42:24 +0800,Anderson-Stokes,
Robby Jacobson V,winifred@romaguera.name,2021-08-14 05:35:19 +0800,"Mraz, Stamm and Swift",guest
Donella Moore,france@anderson.co,2022-08-28 15:11:10 +0800,"Bode, Schaefer and Kub",member
Felicitas Daniel,season@boyer.info,2021-08-14 06:50:43 +0800,Collier Inc,member
Leonel Hackett,nicolle@goldner.info,2021-01-04 18:04:28 +0800,"Mraz, Stamm and Swift",member
Marcene Brown,elyse@thiel.io,2021-08-14 18:06:47 +0800,Kling Group,member
Clarinda Smitham,pamella_jakubowski@lakin.io,2022-06-15 01:50:55 +0800,"Feeney, Wiza and Haley",member
Duane Cruickshank I,,2020-11-29 15:55:42 +0800,"Feeney, Wiza and Haley",admin
Cameron Nienow MD,weldon.kirlin@hoppe.co,2021-11-28 11:47:07 +0800,Kling Group,admin
Dewayne Waelchi,phebe_lakin@kris.name,2021-02-12 23:39:47 +0800,Anderson-Stokes,admin
Msgr. Sarai Ortiz,boyce@grimes.co,2021-02-09 20:29:27 +0800,Kling Group,member
Pres. Misha Kautzer,shelley.lehner@ritchie.io,,"Blanda, Lang and Mante",guest
Charlene Greenfelder,ron@okuneva.com,2020-10-27 11:11:22 +0800,"Mraz, Stamm and Swift",
Howard Schuppe,hershel_gorczany@ondricka.org,2021-10-14 07:58:39 +0800,Pagac LLC,member
Jerrold King,lucy.dietrich@tillman-bednar.org,2020-09-07 04:56:01 +0800,"Ward, Purdy and Bahringer",guest
Gov. Maximo Keebler,keenan@wilkinson.biz,2021-07-07 09:23:31 +0800,"Feeney, Wiza and Haley",guest
Ms. Walton Bode,rosana.dickinson@kuhn.io,2021-02-12 18:29:53 +0800,Pagac LLC,
Ruthanne Schmidt,ivy_hauck@batz.name,2022-02-16 04:59:55 +0800,Kling Group,member
Lura Weimann Ret.,rosaline@jenkins.name,2021-05-27 08:18:28 +0800,"Ward, Purdy and Bahringer",admin
Brain Beahan,silvia@sanford-harris.net,2021-09-10 21:27:16 +0800,"Zemlak, Walter and Berge",admin
Fr. Maris Mayert,naomi@lynch-hauck.com,2021-10-16 10:06:23 +0800,Kling Group,member
Rossie Crooks JD,alberto@hegmann-mann.net,2020-11-16 07:39:15 +0800,"Feeney, Wiza and Haley",admin
Prof. Lee Goldner,lino_howe@rogahn.info,2021-01-12 19:36:34 +0800,Anderson-Stokes,member
Adrianne Conroy DDS,philomena.mraz@ledner.info,2022-03-23 02:26:13 +0800,"Feeney, Wiza and Haley",admin
Lucile Senger,candice@conn-lemke.io,,"Zemlak, Walter and Berge",member
Bethanie Hagenes,holley@mckenzie.com,2022-07-24 12:02:26 +0800,Collier Inc,guest
Britni Rolfson,mckinley_franecki@mitchell-mohr.net,2021-01-03 10:04:41 +0800,"Feeney, Wiza and Haley",member
Ebonie Hansen,tim_okuneva@hudson.name,,"Feeney, Wiza and Haley",member
Sammie Haag,melony@feeney.info,2022-02-17 05:11:02 +0800,,guest
Hasegawa Jun,hasegawa.jun@google.com,2021-08-24 03:02:07 +0800,"Ward, Purdy and Bahringer",admin
Nelson Sauer,seth@ondricka.net,2021-07-09 04:03:47 +0800,"Ward, Purdy and Bahringer",guest
Marisha Pollich,tessie_lind@klocko.info,2021-12-29 17:27:34 +0800,"Bode, Schaefer and Kub",guest
Mrs. Geri Ortiz,jerica_ernser@becker.org,2020-09-27 05:09:26 +0800,Pagac LLC,admin
Edmund Hudson,arica@dibbert-vandervort.info,2022-07-08 17:59:16 +0800,"Feeney, Wiza and Haley",member
,,,,
Michal Ebert DVM,chanda@bode-torp.org,2021-09-16 15:01:28 +0800,"Zemlak, Walter and Berge",guest
Tia Collins,halina@lueilwitz.com,2021-02-12 02:46:09 +0800,Kling Group,member
Oscar Romaguera,rhea.mcdermott@bernier.info,2022-04-30 23:58:07 +0800,Anderson-Stokes,member
Prof. Buford Ruecker,meggan@bogan.com,2022-04-24 15:04:33 +0800,Anderson-Stokes,member
Caroll Hoppe,cortez@ullrich.io,2021-06-15 13:38:12 +0800,"Zemlak, Walter and Berge",member
Nicolasa Crist,blanca.metz@abbott.co,2021-05-16 07:48:16 +0800,"Bode, Schaefer and Kub",member
,zona.mcdermott@weissnat.name,2021-08-18 17:34:56 +0800,Pagac LLC,member
Kattie Marquardt Esq.,fidela@rice.biz,2021-10-28 02:44:04 +0800,"Feeney, Wiza and Haley",guest
Cary Russel,pandora_watsica@windler.org,2021-04-30 03:08:37 +0800,"Zemlak, Walter and Berge",guest
長谷川潤,hasegawa.jun@google.com,2021-08-24 03:02:07 +0800,"Ward, Purdy and Bahringer",admin
Christy Breitenberg,joshua@orn.name,2021-02-01 12:21:36 +0800,"Bode, Schaefer and Kub",member
Dan Heaney,asha.donnelly@johnston.org,2022-05-29 12:39:16 +0800,,guest
Emanuel Barton,dot.crooks@jast.net,2022-01-12 00:10:25 +0800,"Feeney, Wiza and Haley",member
Prof. Lasonya Pfeffer,arden.larkin@batz.name,2022-03-23 16:57:55 +0800,Kling Group,member
Timothy Dooley,lionel@kunze.name,2021-02-17 07:24:50 +0800,"Blanda, Lang and Mante",guest
Mrs. Delorse O'Reilly,waylon.purdy@donnelly-ryan.net,2021-11-10 10:44:14 +0800,"Mraz, Stamm and Swift",admin
Mr. Dean Anderson,angle_grimes@oreilly.net,2021-07-29 08:53:08 +0800,"Mraz, Stamm and Swift",admin
Dorris Leuschke,leland@rath-harris.co,2021-04-11 02:37:26 +0800,"Ward, Purdy and Bahringer",admin
In Keebler,,2021-04-30 20:26:25 +0800,Collier Inc,guest
Aja Langworth,jospeh@breitenberg.info,2022-06-20 05:50:48 +0800,Collier Inc,guest
Norberto Gutmann,shellie@sporer.io,2021-12-25 23:32:03 +0800,"Feeney, Wiza and Haley",guest
Rosita Brekke,edwardo@schaden.com,2021-02-12 10:40:08 +0800,"Bode, Schaefer and Kub",admin
Ranee Pouros,vernon.botsford@klocko-sauer.co,2022-06-02 19:06:59 +0800,Pagac LLC,member
,gema.haag@hagenes.info,2021-03-28 07:33:26 +0800,"Bode, Schaefer and Kub",member
Barney Ryan,concepcion_keebler@hegmann.net,,Kling Group,admin
Siobhan Gorczany,neil@west.org,2020-12-22 10:01:59 +0800,Anderson-Stokes,admin
Elbert Mayer,maegan.ortiz@mcdermott.net,2021-10-21 17:53:09 +0800,"Feeney, Wiza and Haley",admin
Nikita Bode,gia@fahey-kulas.io,2020-11-19 22:59:08 +0800,"Zemlak, Walter and Berge",admin
Misty Schoen JD,ulysses@dickens.org,2021-10-06 19:57:11 +0800,Collier Inc,guest
Napoleon Shanahan,suzi.fritsch@prosacco.com,2020-10-23 01:41:53 +0800,"Feeney, Wiza and Haley",member
Sergio Hartmann I,sharon@heidenreich-wilkinson.org,2020-12-18 11:13:00 +0800,"Mraz, Stamm and Swift",guest
Rolando Waters,julie_turner@walter.info,2020-11-27 01:32:11 +0800,"Ward, Purdy and Bahringer",admin
Felton King,barb_bruen@kunde.name,2021-01-14 01:22:35 +0800,Collier Inc,admin
Booker Will,graham_runolfsdottir@koss.org,2021-05-25 11:11:33 +0800,"Blanda, Lang and Mante",guest
Franklyn Homenick,ike@cremin.com,2022-08-09 20:57:34 +0800,Kling Group,
Robby Johnston LLD,angla_schroeder@hilpert.net,2021-06-22 15:57:58 +0800,"Ward, Purdy and Bahringer",member
Shon Gleason,santo@hills.info,2022-08-23 04:37:37 +0800,Anderson-Stokes,
Milford Daugherty VM,abe@kreiger-collins.io,2021-07-30 16:51:06 +0800,"Feeney, Wiza and Haley",admin
,milan_bailey@pfeffer.biz,2021-08-13 21:42:09 +0800,"Blanda, Lang and Mante",guest
Agustin McKenzie JD,michiko_roob@schroeder.org,2021-08-28 22:41:50 +0800,"Mraz, Stamm and Swift",guest
Marcus Monahan,albert.collins@ruecker.info,2021-01-27 00:30:56 +0800,"Feeney, Wiza and Haley",admin
Octavio Metz,vi_nicolas@moen-schoen.org,2021-12-04 21:04:44 +0800,"Mraz, Stamm and Swift",admin
Jimmy Rolfson Esq.,von@okeefe.io,2022-08-17 23:22:32 +0800,Pagac LLC,member
Debbra Cronin,jeane@moore-hettinger.biz,2021-03-18 11:23:08 +0800,"Zemlak, Walter and Berge",admin
Florentino Watsica DDS,warren.hilpert@gottlieb.co,2022-04-21 23:45:06 +0800,"Zemlak, Walter and Berge",guest
Michelle Pfannerstill,halley@fritsch.name,2022-02-09 18:14:12 +0800,"Blanda, Lang and Mante",admin
Sharita Quigley,,2021-09-25 01:55:42 +0800,"Zemlak, Walter and Berge",member
Dane Kiehn,jae_feeney@reynolds-hyatt.org,2020-12-21 13:58:59 +0800,"Blanda, Lang and Mante",admin
Kurtis Thompson,marvin.tillman@rath-little.biz,2021-04-14 06:27:17 +0800,"Mraz, Stamm and Swift",member
Ms. Tad Schuster,jae.bauch@kerluke.net,2022-05-14 00:20:33 +0800,"Blanda, Lang and Mante",member
Gabriel VonRueden,antoine_abshire@batz.com,2021-12-19 20:57:04 +0800,Pagac LLC,member
Antone Frami,tabitha@wilkinson.org,2022-06-18 04:16:03 +0800,"Mraz, Stamm and Swift",guest
Nelly Pollich,jonie@erdman-mckenzie.com,2020-11-06 20:43:46 +0800,"Bode, Schaefer and Kub",member
Kenna Marquardt,sebastian_ledner@kutch.org,2020-09-08 15:27:40 +0800,Pagac LLC,member
Malinda Wintheiser,fredericka.wilkinson@maggio-boehm.net,2021-02-22 03:57:49 +0800,"Blanda, Lang and Mante",member
Denna Wisoky PhD,cameron@cronin-howe.net,2021-04-04 11:17:04 +0800,Collier Inc,guest
Valery Paucek,keisha.considine@yost-mclaughlin.com,2022-03-25 03:44:15 +0800,Anderson-Stokes,member
Mrs. Quentin Zulauf,paige_williamson@bradtke-crooks.info,2021-02-11 07:31:20 +0800,"Zemlak, Walter and Berge",
Mr. Ashanti Waelchi,anthony_doyle@johnson-walter.org,2021-02-06 13:38:42 +0800,"Feeney, Wiza and Haley",member
Rep. Leighann Crooks,nicholas@skiles.com,2021-01-29 00:07:10 +0800,"Feeney, Wiza and Haley",admin
Cristobal McClure,sherise_osinski@turner.name,2021-05-04 17:42:02 +0800,"Zemlak, Walter and Berge",guest
Prof. Emmie Murazik,audra_king@kertzmann-waters.info,2021-01-16 10:25:41 +0800,"Bode, Schaefer and Kub",guest
Suzann Weber,cliff_schroeder@smith.co,2021-05-26 17:10:07 +0800,"Bode, Schaefer and Kub",member
Debra Crooks DO,alphonso@moore-koch.io,2022-08-14 18:07:38 +0800,Anderson-Stokes,admin
,lenard@lebsack-streich.co,2022-02-03 10:06:22 +0800,"Blanda, Lang and Mante",guest
Antoinette Willms,mohamed_kub@macejkovic.biz,2020-12-06 05:42:12 +0800,,guest
Royce Bernier LLD,svetlana.orn@heathcote.name,2020-12-01 22:30:40 +0800,"Blanda, Lang and Mante",member
Kaylee Satterfield,rocky_ruecker@gibson.co,2020-10-12 14:22:17 +0800,Anderson-Stokes,admin
Earle Towne,lorena.effertz@crist.info,2021-10-29 09:17:43 +0800,"Ward, Purdy and Bahringer",admin
Thora Lind JD,lavon@dickens.co,2020-09-08 16:25:36 +0800,,guest
Mr. Aubrey Hagenes,oliver@ziemann.org,2021-09-30 13:42:28 +0800,Pagac LLC,admin
Mackenzie O'Reilly,eugene_howe@mayer.io,2020-09-08 07:22:52 +0800,Kling Group,guest
Zack Considine II,williams@tremblay.co,,"Mraz, Stamm and Swift",guest
Xiao Schowalter,joaquin_goodwin@lemke-okeefe.org,2021-06-12 07:47:26 +0800,Kling Group,guest
Johnna Johnson,abraham.damore@leffler-olson.name,2021-07-05 13:30:25 +0800,Anderson-Stokes,guest
Cary Russel,jenna@ebert-stamm.com,2022-05-15 18:45:38 +0800,"Blanda, Lang and Mante",admin
Federico Grant,analisa_abshire@sanford.org,2020-11-08 15:07:06 +0800,Pagac LLC,member
Robin Emard,sherly@gutmann.name,2022-07-04 02:10:16 +0800,"Feeney, Wiza and Haley",admin
Isaias Keebler Ret.,zachariah@waelchi.com,2021-06-20 01:25:42 +0800,"Zemlak, Walter and Berge",member
Bradly Mills,guillermo@walsh-boyle.com,2020-12-02 02:44:16 +0800,"Bode, Schaefer and Kub",guest
Rodrigo Lynch III,jarod@bosco.biz,2021-12-13 13:14:36 +0800,"Zemlak, Walter and Berge",guest
Freeda Walsh III,barbar@lakin.com,2021-10-04 05:35:44 +0800,"Zemlak, Walter and Berge",guest
ｍａｒｃ,marc@google.com,2020-10-30 10:17:20 +0800,Collier Inc,guest
Zane Welch,joanne.satterfield@predovic.name,2021-09-11 12:04:42 +0800,Kling Group,admin
Fr. Lonnie Hagenes,louie@gerlach-ebert.io,2022-01-26 23:24:10 +0800,Pagac LLC,member
Mel Huels Sr.,sonia.hilll@cartwright.org,2022-03-07 22:55:11 +0800,"Mraz, Stamm and Swift",member
Pres. Freda Cormier,drucilla.wehner@spinka.co,2020-10-25 14:24:19 +0800,Collier Inc,member
Marquis Ernser,shad_cassin@beahan-stamm.info,2021-04-11 07:46:50 +0800,Collier Inc,member
Judy Auer,fermin.corwin@grady-lehner.co,2020-10-09 15:39:16 +0800,"Blanda, Lang and Mante",admin
Bryon Spencer,tona@gutkowski.com,,"Blanda, Lang and Mante",member
Sanford Bernier,carlo@smith.com,2022-02-28 20:51:18 +0800,Pagac LLC,admin
Kelley Torphy DDS,catarina@erdman.org,2021-10-13 12:46:37 +0800,"Blanda, Lang and Mante",guest
Sen. Nana Muller,ahmed.bartell@marks.biz,2021-06-01 16:36:00 +0800,"Ward, Purdy and Bahringer",admin
Kieth Brakus,morris.buckridge@marks.info,2021-03-16 02:24:52 +0800,"Ward, Purdy and Bahringer",admin
Mr. Thomas Stoltenberg,tonya@roberts.io,2020-12-12 20:02:45 +0800,"Bode, Schaefer and Kub",member
Dwayne O'Hara VM,francis@bruen-herzog.org,2020-09-08 09:55:02 +0800,"Ward, Purdy and Bahringer",admin
Murray Nader,neoma_medhurst@hyatt-rosenbaum.co,2022-08-25 20:25:15 +0800,Kling Group,member
Jerrod O'Conner,len@graham.io,2020-11-30 14:55:03 +0800,"Blanda, Lang and Mante",member
Salena Altenwerth,pierre_kemmer@goyette.net,2021-06-10 21:08:43 +0800,"Ward, Purdy and Bahringer",member
Martin Rowe,curt@miller.co,2021-03-02 08:22:17 +0800,Pagac LLC,member
Ashley Reinger PhD,damien_howell@parisian.name,2021-11-22 08:09:33 +0800,"Blanda, Lang and Mante",admin
Yuki Toy,vanetta.schmeler@renner.info,2020-11-02 00:21:41 +0800,"Feeney, Wiza and Haley",guest
Sen. Elwood Lubowitz,dorris.roberts@volkman.info,2022-03-16 08:37:17 +0800,"Mraz, Stamm and Swift",member
Darrick Mante V,freddy@bednar.org,2020-10-03 08:09:44 +0800,"Blanda, Lang and Mante",guest
Romeo Hauck,hosea@kilback-parisian.org,2022-07-22 15:00:00 +0800,"Zemlak, Walter and Berge",guest
Inge Cole,candi.oconnell@ferry-jast.org,2022-06-25 05:17:56 +0800,"Mraz, Stamm and Swift",member
Conrad Howe PhD,audrea_runte@doyle.biz,2021-10-27 17:57:48 +0800,Pagac LLC,member
Valentina Sipes,marilou.bernier@towne-bailey.io,2020-12-12 08:49:15 +0800,Kling Group,member
Ashleigh Hirthe,isidro@corkery.io,2021-02-16 12:10:49 +0800,"Feeney, Wiza and Haley",member
Dallas Rice,milton@harvey.name,2020-12-17 15:14:03 +0800,"Bode, Schaefer and Kub",member
Chet Swift,jarrod@hammes.org,2021-01-28 22:13:36 +0800,"Feeney, Wiza and Haley",member
Amb. Loreen Rodriguez,dawne_prosacco@mcdermott-pfeffer.com,2022-07-28 01:10:06 +0800,"Feeney, Wiza and Haley",guest
Iliana Johnston,angela.ankunding@gusikowski.biz,2022-07-10 17:05:16 +0800,Anderson-Stokes,member
Mistie Bahringer,esther@windler.com,,Pagac LLC,guest
Dr. Steven Emmerich,troy.breitenberg@armstrong.com,,Collier Inc,admin
Brice Kertzmann,ebony@douglas.net,2021-12-16 17:46:34 +0800,"Bode, Schaefer and Kub",guest
Claris Muller,belinda.pfannerstill@balistreri.net,2022-06-07 09:50:38 +0800,"Bode, Schaefer and Kub",admin
Fr. Ola Bode,pierre@nienow-cummerata.org,2021-11-28 08:38:41 +0800,,admin
Eddy Renner,oliver.murphy@morissette.io,2021-10-21 13:44:33 +0800,"Bode, Schaefer and Kub",member
Normand Jacobson,maryjane_cummerata@baumbach.io,2021-06-07 20:32:27 +0800,Pagac LLC,admin
Melda Gulgowski,saul_lubowitz@bashirian.io,,Pagac LLC,guest
Inge Conroy,melodie_rath@ziemann.name,2020-12-26 23:52:07 +0800,"Blanda, Lang and Mante",member
Trula Hermann LLD,dave_flatley@miller-powlowski.io,2021-06-05 14:59:31 +0800,Kling Group,guest
Fredrick Beatty,daniel@nader-krajcik.biz,,"Mraz, Stamm and Swift",admin
Kristie Goodwin,lane@parker.org,2021-04-30 23:07:23 +0800,,admin
Gov. Reid Rolfson,edwardo_satterfield@adams.co,2022-05-10 10:50:06 +0800,"Zemlak, Walter and Berge",
Linnie Emmerich,,2021-08-02 16:20:26 +0800,Collier Inc,admin
Fredda Ritchie,wade@konopelski.com,,Anderson-Stokes,admin
Merrill Wyman DO,orlando@goldner-spencer.co,2021-06-21 21:42:42 +0800,"Blanda, Lang and Mante",member
Dr. Paris Braun,young.nienow@cummings.net,2021-04-15 15:44:23 +0800,"Zemlak, Walter and Berge",admin
Lydia Greenholt,rashida.bogan@mitchell-kshlerin.io,2021-02-08 20:09:41 +0800,Pagac LLC,member
Carlota Hodkiewicz,marlena@kuhlman-effertz.biz,2021-09-16 00:45:04 +0800,,admin
Florentina Kautzer Esq.,edmundo_mcglynn@reynolds-schmidt.name,2022-01-17 13:51:54 +0800,"Feeney, Wiza and Haley",guest
Floyd Stanton,ollie.cummings@schmidt.com,2022-04-07 17:49:45 +0800,Anderson-Stokes,guest
Arnetta Herzog,nicky@feeney.name,2021-09-15 00:06:13 +0800,"Feeney, Wiza and Haley",guest
Ms. Darnell Christiansen,mose@gusikowski.name,2021-12-26 19:13:18 +0800,"Zemlak, Walter and Berge",admin
Sophie Kub,isabell.schowalter@brekke.io,2022-02-24 01:18:20 +0800,"Mraz, Stamm and Swift",admin
Prof. Mimi Muller,brendan@russel.io,2022-07-09 00:53:08 +0800,"Blanda, Lang and Mante",guest
Gayla Pagac II,dewey.kub@emmerich.io,2020-10-01 10:37:58 +0800,Collier Inc,admin
Delfina Cruickshank,giuseppe@jast-yundt.net,2022-03-12 00:09:57 +0800,"Blanda, Lang and Mante",admin
Miss Ariel Franecki,david@yundt.name,2021-01-02 04:05:01 +0800,"Feeney, Wiza and Haley",admin
Manual Sporer,sheryll@cummerata.co,2020-12-30 12:35:33 +0800,Kling Group,member
Madelaine Walsh DVM,dean@hessel.io,2021-03-03 05:19:07 +0800,Kling Group,
Loni Torphy,indira.connelly@hodkiewicz-kub.io,2021-06-22 04:56:47 +0800,"Blanda, Lang and Mante",admin
Luis Blick,margie_bailey@schumm-torp.com,2022-03-03 10:19:04 +0800,Pagac LLC,
Amb. Cedric Keebler,camilla.fritsch@greenholt.io,2022-07-03 03:20:24 +0800,"Mraz, Stamm and Swift",admin
Reggie Schuppe LLD,,2022-04-25 09:47:29 +0800,"Blanda, Lang and Mante",guest
Asuncion Cassin PhD,burt@greenholt-toy.info,,"Feeney, Wiza and Haley",member
Gwenda Funk VM,lauri.flatley@franecki-harris.io,2020-12-09 04:05:58 +0800,Collier Inc,member
Jaimie Ruecker,renate@lehner.biz,2020-11-13 10:28:31 +0800,"Blanda, Lang and Mante",guest
,angel_klocko@crist.info,2021-04-23 20:58:16 +0800,Anderson-Stokes,guest
Mrs. Estela Jacobson,haywood_ferry@satterfield.com,2022-03-28 15:33:36 +0800,"Ward, Purdy and Bahringer",guest
Ariane Hodkiewicz,marine@parker.biz,2020-12-23 22:42:33 +0800,"Mraz, Stamm and Swift",guest
Barry Kovacek,emmett@conn.org,2021-04-15 03:54:00 +0800,Kling Group,admin
Mrs. Tristan Swift,despina@hudson.co,2022-06-28 09:40:08 +0800,Kling Group,guest
Otto O'Conner,cruz@hodkiewicz.net,2021-05-16 15:23:55 +0800,"Zemlak, Walter and Berge",guest
Buffy Bins,elda@parker.net,2021-04-01 00:07:05 +0800,Collier Inc,guest
Dr. Wilford Metz,ken@dibbert-mertz.biz,2021-10-03 02:49:57 +0800,"Zemlak, Walter and Berge",guest
Prof. Daron Beier,mayola@mayert.co,2022-08-10 06:51:46 +0800,"Bode, Schaefer and Kub",guest
Raphael Schiller,greg.barrows@barton.biz,2022-05-12 05:20:20 +0800,Collier Inc,admin
Chung Dickinson,tyler@schowalter.org,2022-08-09 08:38:05 +0800,"Bode, Schaefer and Kub",admin
Leopoldo Olson,emmett@lynch.com,2021-08-03 22:24:52 +0800,"Bode, Schaefer and Kub",guest
Prof. Melania Corwin,bo@kuhic.biz,,"Blanda, Lang and Mante",member
Arlen Adams,waylon@bruen-rippin.com,2021-06-29 16:25:42 +0800,"Zemlak, Walter and Berge",guest
Faith Paucek,dorsey.schulist@schumm.biz,2022-07-03 12:39:51 +0800,"Ward, Purdy and Bahringer",guest
Ms. Fermin Price,gerardo@bednar.com,2022-08-09 00:04:02 +0800,Collier Inc,member
,lakisha@keeling.net,2020-11-17 15:44:30 +0800,"Blanda, Lang and Mante",admin
,june_veum@schiller.co,2021-08-01 02:22:29 +0800,Collier Inc,member
Amb. Bettina Bradtke,sanford.oberbrunner@kulas-crona.org,2022-06-14 01:23:44 +0800,Collier Inc,guest
Inocencia Schiller,cleo@grant.name,2021-09-09 11:00:10 +0800,"Zemlak, Walter and Berge",guest
Nathaniel Goldner,marcelo.kertzmann@damore-gibson.org,2021-12-26 09:35:20 +0800,"Mraz, Stamm and Swift",
Ernest Feil,jason_halvorson@hauck-crooks.info,2020-12-23 00:23:57 +0800,Pagac LLC,guest
Roman Bayer LLD,franklin_emard@paucek-cremin.org,2021-02-07 02:59:33 +0800,Pagac LLC,admin
Shelli Littel,,2022-02-17 18:27:44 +0800,Anderson-Stokes,guest
Izetta Berge,lindsay_armstrong@okeefe-moen.com,2020-09-30 11:09:52 +0800,"Blanda, Lang and Mante",admin
Herbert Koepp,arnulfo@macgyver.info,2021-09-14 22:49:39 +0800,"Blanda, Lang and Mante",guest
Fr. Lance Cole,serita@dietrich.biz,2021-08-25 08:55:51 +0800,"Ward, Purdy and Bahringer",guest
Laurel Franecki,piedad@willms-abernathy.net,2021-07-26 14:47:30 +0800,Pagac LLC,member
Jackie Dach,ian_reinger@beier.io,2022-01-29 19:07:04 +0800,,admin
Cheryl Will,dexter_windler@renner.biz,2022-02-16 17:25:50 +0800,"Feeney, Wiza and Haley",guest
Chasity Beatty,manual@adams.co,2021-12-12 00:26:23 +0800,"Feeney, Wiza and Haley",member
Miss Cleo Quitzon,luke_heidenreich@bernier-heathcote.info,2021-10-12 06:26:56 +0800,Kling Group,member
Antione Harber,,2021-10-21 08:15:45 +0800,Kling Group,admin
Lidia Hickle,charles_schultz@lynch.io,2022-01-19 16:30:05 +0800,"Feeney, Wiza and Haley",admin
Rep. Junior Dicki,darrel@dare.co,2021-08-18 23:26:56 +0800,"Mraz, Stamm and Swift",guest
Zora Dicki,david@satterfield-abbott.info,2020-12-16 00:27:04 +0800,"Feeney, Wiza and Haley",admin
Kenneth Kuhlman,vivien@sanford.name,2022-08-24 15:16:41 +0800,Collier Inc,guest
Misha Hammes IV,tisha.heller@murazik.info,,"Ward, Purdy and Bahringer",guest
,,,,
Mrs. Delbert Runte,trish_boyer@toy.co,2022-06-21 14:03:39 +0800,"Mraz, Stamm and Swift",member
Gov. Kiera Gleason,abraham@rohan-mcdermott.org,2022-08-22 19:27:24 +0800,"Blanda, Lang and Mante",guest
Salvatore Anderson,charla_cummings@green.com,2022-01-23 01:15:44 +0800,,admin
Keva Stroman,caitlin_pacocha@pfannerstill.co,2022-08-15 01:30:43 +0800,"Bode, Schaefer and Kub",guest
Fr. Trinidad Hettinger,doyle@barton.io,2022-04-16 19:09:53 +0800,"Bode, Schaefer and Kub",admin
Iraida Schaefer,asha@reinger-emmerich.name,2021-12-23 11:03:25 +0800,"Feeney, Wiza and Haley",guest
Barry Lowe,mary@hickle.name,2021-10-09 07:30:26 +0800,"Feeney, Wiza and Haley",
Marilou Kemmer,kandra@lind.name,,Kling Group,guest
Retta Schiller,blake_miller@schiller.co,2022-01-23 07:04:22 +0800,Kling Group,member
Conrad Herzog,greg@heller.io,2020-09-11 13:17:10 +0800,Anderson-Stokes,guest
Ria Mosciski,ezequiel_leuschke@kassulke.io,2021-07-01 03:32:12 +0800,"Bode, Schaefer and Kub",guest
Jorge Fritsch,roscoe_langworth@leuschke-streich.net,2020-10-30 20:25:09 +0800,"Bode, Schaefer and Kub",admin
Jesse Reichel,adrian.swift@weissnat.biz,2022-04-26 05:08:38 +0800,"Mraz, Stamm and Swift",
Edgar Hessel,kori_kerluke@terry.info,,Kling Group,member
Amb. Fred Hane,bennie.wiegand@wolf.co,2021-11-25 10:31:08 +0800,"Bode, Schaefer and Kub",member
Adrian,adrian@google.com,2022-04-16 05:24:18 +0800,"Feeney, Wiza and Haley",admin
Randolph Rippin Sr.,winford@bins.info,2021-04-21 15:51:49 +0800,"Ward, Purdy and Bahringer",guest
Signe Powlowski,kermit@kovacek.co,2022-04-08 20:14:06 +0800,Pagac LLC,guest
Hillary Kirlin Esq.,calvin_stamm@howe.io,2021-03-11 16:07:26 +0800,"Mraz, Stamm and Swift",guest
Winona Adams,kirby@reichert-durgan.co,,"Bode, Schaefer and Kub",member
Rev. Katelyn Schamberger,therese@thiel-mraz.io,2021-09-23 08:24:21 +0800,Kling Group,admin
Oren Jacobs,lindsey@kling.net,2021-02-26 07:43:58 +0800,Kling Group,member
Martha Ward,rueben@spencer.com,2021-10-18 03:19:15 +0800,Collier Inc,admin
Stephen Torphy,antione.prohaska@stamm.name,2020-11-27 07:59:16 +0800,"Bode, Schaefer and Kub",admin
,keren@parker.org,2022-02-12 14:19:57 +0800,Collier Inc,member
Lucien Johnson Sr.,brittani_goyette@mckenzie.info,2022-05-14 16:46:38 +0800,Kling Group,guest
Msgr. Mandi Mann,natasha.harber@berge.net,2022-06-16 20:17:13 +0800,Collier Inc,admin
Samara Goyette,lindsay@feeney-nienow.biz,2020-09-21 20:11:26 +0800,"Ward, Purdy and Bahringer",member
Tonisha McLaughlin,kira@yost.net,2021-08-13 01:47:12 +0800,Kling Group,admin
Prof. Derick Schaefer,nicola_ebert@beahan.org,2022-04-17 10:05:15 +0800,Pagac LLC,member
Rev. Ernestina Bergstrom,bradford@hammes.org,2021-12-11 06:02:50 +0800,"Bode, Schaefer and Kub",guest
Pierre Maggio II,,2022-04-11 01:20:37 +0800,Collier Inc,guest
Miss Ken Reinger,susanna@keeling.co,2022-01-12 03:29:16 +0800,,guest
Mrs. Israel Bashirian,audie.altenwerth@kuhic.name,2021-02-22 08:45:04 +0800,Collier Inc,admin
Rachele Price,casey.treutel@mcdermott.com,,"Zemlak, Walter and Berge",guest
Carmelo Reichert Ret.,lino@russel-hammes.net,2020-10-29 10:40:41 +0800,"Mraz, Stamm and Swift",admin
Danelle Ryan,karl@fahey.io,2021-05-28 13:15:50 +0800,Kling Group,member
Rep. Tricia Goodwin,tommie.lueilwitz@medhurst.net,2022-04-24 16:13:55 +0800,"Feeney, Wiza and Haley",guest
Heriberto Lang,cleotilde.roob@dietrich-blick.biz,2021-07-31 10:19:41 +0800,"Blanda, Lang and Mante",guest
Darnell Fahey Jr.,cory@herzog-schultz.info,2021-07-20 22:45:13 +0800,"Zemlak, Walter and Berge",admin
,,,,
Stanley Gleichner,bulah.hartmann@smith-hermann.info,2022-04-21 14:40:40 +0800,"Feeney, Wiza and Haley",member
Adela Metz,bernardo@harvey.biz,2022-04-12 14:14:58 +0800,"Bode, Schaefer and Kub",admin
Zane Kreiger,meda@graham-murphy.io,2020-10-13 06:28:58 +0800,"Zemlak, Walter and Berge",member
Jeramy Hagenes,enrique@kassulke-wiegand.net,2020-11-28 23:05:07 +0800,"Ward, Purdy and Bahringer",member
Frederica McCullough LLD,orval@rohan.org,2020-12-28 12:01:04 +0800,Kling Group,member
Roger O'Kon,walton_boyer@murphy-gutkowski.co,2021-10-11 16:59:20 +0800,Collier Inc,member
Lorri Sauer II,jules.hamill@renner-nikolaus.org,2021-04-19 17:46:07 +0800,"Blanda, Lang and Mante",guest
Raymon Bernhard,lin.hyatt@pagac-grant.net,2020-12-15 18:07:24 +0800,"Ward, Purdy and Bahringer",member
Homer Borer,kirsten@streich-runolfsdottir.com,2022-05-23 00:19:36 +0800,"Bode, Schaefer and Kub",guest
Marybeth VonRueden,tyler_parisian@bednar.io,2020-10-27 03:59:25 +0800,"Ward, Purdy and Bahringer",guest
Dagmar Schowalter LLD,fermin@corwin-kirlin.net,2021-07-22 09:19:28 +0800,"Mraz, Stamm and Swift",member
Khalilah Wintheiser,luciano_conroy@gutkowski.com,2021-03-23 09:11:32 +0800,,admin
Wilber Rutherford,loreta@nitzsche-feil.info,2020-10-04 05:51:56 +0800,Kling Group,admin
Ms. Adelaida Schaden,gilbert.daniel@mertz.biz,2022-09-03 01:27:00 +0800,Pagac LLC,guest
Rupert Walter DVM,wilburn.trantow@fritsch-blick.co,2022-06-12 15:28:57 +0800,"Ward, Purdy and Bahringer",member
Kermit Muller,concha@pouros-herman.co,2020-12-10 05:01:42 +0800,"Mraz, Stamm and Swift",admin
The Hon. Merlyn Schinner,armand@stoltenberg.org,2021-05-09 23:32:01 +0800,Kling Group,member
Erin Schowalter MD,adrian@fahey.info,2021-02-03 07:36:05 +0800,"Blanda, Lang and Mante",guest
Kina Berge,,2021-11-19 21:12:43 +0800,"Zemlak, Walter and Berge",guest
Napoleon Crona,tomas@rohan.biz,2022-04-11 10:09:28 +0800,"Zemlak, Walter and Berge",guest
Gustavo Lakin,,2021-02-02 00:32:30 +0800,"Ward, Purdy and Bahringer",guest
,mohamed.borer@farrell.org,2022-03-12 09:41:46 +0800,"Mraz, Stamm and Swift",guest
Waylon Schoen,tyrell@sauer.net,2022-01-06 23:13:55 +0800,Kling Group,member
,rubi@veum-weimann.biz,2022-03-05 02:11:12 +0800,"Blanda, Lang and Mante",guest
Tyson Huel,rodney.nicolas@fadel-mcclure.org,2022-07-30 12:23:12 +0800,"Ward, Purdy and Bahringer",guest
Katharyn Corkery,darrel.bahringer@altenwerth.com,2021-06-16 15:58:31 +0800,Kling Group,member
Douglass Leuschke,neoma.hudson@ondricka.name,2021-07-09 10:19:08 +0800,,member
Sen. Dayle Jerde,james.hickle@langosh.info,2021-06-19 21:45:50 +0800,"Feeney, Wiza and Haley",
Rep. Dale Brown,sung.carter@casper.org,2022-02-10 12:31:45 +0800,Pagac LLC,guest
Daysi Crooks,long.luettgen@jacobi-ruecker.info,2022-01-12 13:52:37 +0800,,member
Consuelo Hane,johnsie.rau@hartmann.co,,"Zemlak, Walter and Berge",member
Oren Champlin,arron@schiller.info,2021-04-08 02:59:02 +0800,"Bode, Schaefer and Kub",guest
Roman Cremin,wilbur.kutch@davis.org,2021-12-29 03:01:25 +0800,"Ward, Purdy and Bahringer",
Anibal Rau,raul_veum@smitham-murphy.name,2021-02-03 22:49:05 +0800,"Feeney, Wiza and Haley",admin
Shaun O'Reilly,rod_schultz@leffler.com,2022-01-29 05:39:40 +0800,Pagac LLC,guest
Simona Ebert,marine@krajcik-bahringer.org,2021-06-06 15:59:39 +0800,"Feeney, Wiza and Haley",member
Omar Waelchi,reta@koch-ernser.biz,2020-10-21 11:42:20 +0800,"Feeney, Wiza and Haley",admin
Brett Hagenes,mellie_walsh@mraz-thompson.io,2022-01-05 09:40:45 +0800,"Bode, Schaefer and Kub",
Treena Bashirian,dominic.spinka@schmeler.net,2021-09-25 12:14:41 +0800,Pagac LLC,admin
Gregg Nitzsche,barrett@kuhn.co,2021-05-11 10:38:31 +0800,"Zemlak, Walter and Berge",guest
Clarence Goyette,dana_krajcik@mann.co,,"Feeney, Wiza and Haley",guest
Mrs. Adelaida Kub,heriberto@senger.biz,2021-04-06 12:34:45 +0800,"Ward, Purdy and Bahringer",
Shelba Kiehn VM,philip.reynolds@greenfelder.info,2020-09-26 17:48:55 +0800,Kling Group,admin
Tonda Schmitt,shae@herzog.org,2021-03-14 15:28:46 +0800,"Bode, Schaefer and Kub",admin
Pedro Bechtelar,rolande.frami@swift.io,2022-01-19 17:29:04 +0800,"Zemlak, Walter and Berge",guest
Marilee Treutel,dave.kautzer@green.biz,2020-11-30 13:56:23 +0800,"Bode, Schaefer and Kub",guest
Ahmad Wunsch,roscoe@abshire-ziemann.name,2021-03-07 11:56:09 +0800,"Feeney, Wiza and Haley",admin
James,james@google.com,2021-10-10 21:15:55 +0800,Collier Inc,member
Micheline Stiedemann,berta_beier@mann.net,2022-08-31 15:07:42 +0800,"Ward, Purdy and Bahringer",member
Nicholas Lemke,latasha.bernhard@schulist.io,2021-10-27 18:54:14 +0800,"Bode, Schaefer and Kub",guest
Tom Hirthe DDS,hank_lowe@parisian.biz,2021-09-20 17:14:10 +0800,"Bode, Schaefer and Kub",member
Ben Kris,leilani@schmeler-schamberger.co,2021-02-27 13:50:18 +0800,"Feeney, Wiza and Haley",member
Fr. Lindsey Luettgen,eugena@kunde.org,2020-12-05 16:47:37 +0800,"Bode, Schaefer and Kub",guest
Carey Nienow,cedric_upton@kuhic.org,2022-08-10 09:13:43 +0800,"Zemlak, Walter and Berge",member
Sueann Wisoky,,2022-02-01 22:34:29 +0800,"Ward, Purdy and Bahringer",member
Orlando Crist,natividad@green.com,2020-12-10 13:41:14 +0800,Collier Inc,member
Prof. Maxine Murray,vanita@padberg.biz,2021-01-04 11:10:33 +0800,"Feeney, Wiza and Haley",admin
Msgr. Delois Kihn,erick@gottlieb-ferry.com,2022-01-17 00:03:31 +0800,Kling Group,guest
,kit@cremin-harris.name,2022-03-19 06:03:34 +0800,"Ward, Purdy and Bahringer",admin
Mr. Lila Haley,ariel_stamm@donnelly.info,2022-05-03 08:07:18 +0800,Collier Inc,member
Amb. Sylvie Hammes,seema.dach@murazik.co,2021-10-13 11:21:58 +0800,Collier Inc,guest
Jean Prosacco,concetta@steuber-hammes.com,2021-06-22 18:17:41 +0800,Kling Group,admin
Elane Thiel,leigh_nienow@feest.net,2021-05-06 18:01:51 +0800,Collier Inc,admin
Fr. Rodrigo Kassulke,william_purdy@rempel.org,2022-02-03 14:40:39 +0800,Pagac LLC,admin
Serita Fahey,alpha@hermiston.com,2022-08-21 10:08:39 +0800,"Blanda, Lang and Mante",member
Derick Witting,dorthey_okeefe@kulas.org,2022-08-29 13:37:35 +0800,"Ward, Purdy and Bahringer",
Karmen Koelpin,milo_mraz@anderson.net,2021-10-02 16:03:10 +0800,"Feeney, Wiza and Haley",member
Wendell King,eugene@heidenreich-considine.co,2021-06-27 11:08:34 +0800,"Mraz, Stamm and Swift",member
Abraham Labadie III,ned_reichel@adams-treutel.info,2022-04-29 21:59:16 +0800,Collier Inc,member
Alonso Volkman,lawanda@jerde.name,2021-08-17 06:19:34 +0800,Kling Group,admin
Kathryn Kunze,sophie@reichel.biz,2021-08-18 12:14:31 +0800,"Bode, Schaefer and Kub",member
Justin Daugherty,luke.littel@nienow.net,2021-03-24 16:39:45 +0800,"Ward, Purdy and Bahringer",guest
Gordon Kreiger,emory_ward@heathcote-olson.org,2022-02-17 16:42:46 +0800,"Ward, Purdy and Bahringer",guest
George Boyle,stephaine@herman.com,2021-03-29 08:13:51 +0800,Collier Inc,member
Arianne Kuhn,greg@grant.info,2021-03-24 05:57:37 +0800,"Bode, Schaefer and Kub",admin
Miss Lenard O'Reilly,dewitt@raynor.net,2021-08-07 17:45:48 +0800,Kling Group,guest
Jan Hintz Ret.,cristina@satterfield-kris.io,2021-04-15 06:09:33 +0800,"Mraz, Stamm and Swift",member
,sandy.bradtke@koelpin.org,2022-08-20 06:36:10 +0800,"Blanda, Lang and Mante",guest
Manuel Durgan,lisandra@sipes.org,2021-04-24 22:59:00 +0800,"Feeney, Wiza and Haley",guest
,rosalee.hermiston@witting.net,2021-07-11 05:37:58 +0800,Anderson-Stokes,admin
Miss Emogene Jenkins,deja@bailey.biz,2020-11-17 03:23:26 +0800,Anderson-Stokes,guest
Sharell Steuber,lavern@heathcote.com,2021-09-16 16:31:11 +0800,"Bode, Schaefer and Kub",
Hector Hagenes,ward@medhurst-schuppe.info,2022-04-29 06:01:33 +0800,"Ward, Purdy and Bahringer",member
Dr. Emmanuel Toy,jayson.friesen@boyer.io,,Kling Group,member
Domingo Wunsch,katharina@hane-bailey.net,2021-11-30 20:36:39 +0800,"Ward, Purdy and Bahringer",member
Del Nolan PhD,william@bartoletti-hayes.com,2022-08-01 16:32:49 +0800,"Ward, Purdy and Bahringer",admin
Tisha Kassulke,darell@pacocha.io,2021-10-10 17:27:57 +0800,"Mraz, Stamm and Swift",member
Archie Beahan,velia@gutmann.net,2022-05-28 11:42:09 +0800,"Blanda, Lang and Mante",admin
Chris Hartmann,tory@bogisich.name,2021-08-03 20:51:47 +0800,"Ward, Purdy and Bahringer",admin
Alfredo Hartmann Sr.,laverne_boyle@heidenreich-fisher.net,2022-06-17 17:13:19 +0800,"Bode, Schaefer and Kub",member
Miss Hortencia Leannon,carey_morar@deckow.co,2020-11-11 13:23:51 +0800,"Bode, Schaefer and Kub",member
,abram@wintheiser.co,2021-01-28 00:36:09 +0800,Pagac LLC,guest
Kellee Auer,wade.heathcote@thompson.info,2022-01-31 04:45:11 +0800,"Ward, Purdy and Bahringer",admin
Ivory Heidenreich,claude.barrows@roberts.com,2021-01-18 18:58:23 +0800,"Ward, Purdy and Bahringer",member
Jae Balistreri,wyatt@west.name,2020-12-25 22:43:37 +0800,Kling Group,guest
Stephan Morar,jean@zemlak-schneider.biz,2022-06-02 07:28:18 +0800,Kling Group,member
Cheree Jast,many_beatty@mckenzie.name,2021-12-24 22:39:11 +0800,Pagac LLC,guest
Sebastian Stoltenberg,sanford_rau@smitham.net,2021-04-22 22:06:54 +0800,"Feeney, Wiza and Haley",admin
Alda Dicki,diego.mitchell@lehner.biz,2021-05-12 09:40:32 +0800,Kling Group,admin
Sammy Schroeder,jerald.lindgren@baumbach-brakus.info,2022-08-09 23:31:33 +0800,"Zemlak, Walter and Berge",guest
Kelsie Luettgen Ret.,patricia@sawayn.biz,2021-01-03 15:08:59 +0800,"Bode, Schaefer and Kub",member
,cameron@cummerata-dooley.name,2021-08-26 04:43:45 +0800,"Mraz, Stamm and Swift",admin
Ingrid Friesen VM,isreal@brekke.net,2021-02-23 05:30:18 +0800,Kling Group,guest
Jaｍes,james@google.com,2021-10-10 21:15:55 +0800,Collier Inc,member
Sha Wolff,clair@cronin.biz,2020-12-04 16:09:37 +0800,"Bode, Schaefer and Kub",guest
Julian Terry,donn@ritchie.info,2022-02-07 05:48:48 +0800,Anderson-Stokes,guest
Summer Ziemann,dahlia_bartell@rempel.com,2021-08-22 13:46:48 +0800,"Ward, Purdy and Bahringer",guest
Chris Ziemann,micheal_cremin@bechtelar-strosin.info,2021-04-28 12:44:01 +0800,"Zemlak, Walter and Berge",admin
Michael McLaughlin,henry@blick-labadie.com,2022-04-08 08:07:03 +0800,"Mraz, Stamm and Swift",guest
Russ Cassin Ret.,,2021-07-20 02:31:01 +0800,"Feeney, Wiza and Haley",admin
Deloras Reynolds,kirk.osinski@wyman-crooks.biz,2021-05-18 15:06:39 +0800,"Blanda, Lang and Mante",member
Jake Bartell,leslie.grimes@beer.co,2021-06-16 13:25:39 +0800,"Ward, Purdy and Bahringer",admin
Cody Turner,mark@marks.co,2021-04-28 08:50:54 +0800,Anderson-Stokes,member
Enriqueta Haley,,2021-06-18 09:19:25 +0800,Anderson-Stokes,admin
Ike Parker,taryn@rogahn.com,2021-03-27 19:44:33 +0800,"Bode, Schaefer and Kub",admin
Christiana Strosin,gordon@halvorson.biz,2022-07-13 18:22:42 +0800,"Bode, Schaefer and Kub",member
Dan Emmerich,willette@doyle.com,2020-11-03 22:31:33 +0800,Anderson-Stokes,guest
Rashad Schinner,krystal.erdman@schoen-bartell.co,2021-05-13 00:40:21 +0800,"Ward, Purdy and Bahringer",guest
The Hon. Joline Bosco,heriberto_ebert@fadel.net,2020-12-22 17:23:02 +0800,"Ward, Purdy and Bahringer",guest
Rae Huel,,2021-01-13 02:29:42 +0800,"Mraz, Stamm and Swift",member
Anastasia Ebert,ezra.friesen@kuphal.io,,"Ward, Purdy and Bahringer",member
Roosevelt Stracke,ahmad.murphy@friesen.io,2021-04-11 19:13:50 +0800,"Mraz, Stamm and Swift",admin
Arturo Harvey IV,diego_durgan@miller.net,2021-02-22 08:33:13 +0800,Anderson-Stokes,guest
Deangelo Vandervort,christi_cronin@lockman.name,,Pagac LLC,admin
Drew Blick,vernon_powlowski@fahey.name,2022-07-09 02:23:11 +0800,Kling Group,admin
Lindsay Heathcote LLD,benjamin@beahan.io,2022-05-01 06:31:39 +0800,"Bode, Schaefer and Kub",guest
Arnold Schroeder,jamey.kunde@gusikowski.info,2020-09-07 21:50:08 +0800,Collier Inc,guest
Gail Larkin,melvin.vonrueden@waters-harris.io,2021-06-29 02:42:06 +0800,"Feeney, Wiza and Haley",admin
Joaquin Cruickshank,daren@reichel.com,2022-05-10 20:26:20 +0800,"Zemlak, Walter and Berge",guest
Msgr. Isidro Tillman,zena_cormier@oconner-kohler.biz,2022-07-27 23:10:17 +0800,"Blanda, Lang and Mante",admin
Delorse Batz JD,joan@walter-ohara.org,2022-01-10 23:59:53 +0800,"Blanda, Lang and Mante",admin
Iraida Larkin DO,cody@zboncak-schultz.info,2021-10-03 13:57:50 +0800,"Zemlak, Walter and Berge",member
Mel Ziemann,leone@leffler.net,2021-08-19 03:40:23 +0800,"Zemlak, Walter and Berge",admin
Cyrus Stroman,reed@pacocha.com,2020-09-19 15:57:39 +0800,"Mraz, Stamm and Swift",guest
Kay Moen DDS,derek_ankunding@cummerata.com,2021-10-18 17:32:18 +0800,"Blanda, Lang and Mante",member
Mr. Rufus Kassulke,krishna_bauch@zulauf-wintheiser.com,2022-05-26 05:12:14 +0800,"Feeney, Wiza and Haley",admin
Lemuel Collins VM,my@bins.info,2021-08-31 23:03:12 +0800,"Ward, Purdy and Bahringer",guest
Candra Schneider Esq.,salvador_conn@weber-baumbach.io,2022-04-15 22:34:15 +0800,"Zemlak, Walter and Berge",admin
Rev. Lawrence Koss,velia@stanton-hammes.com,2021-02-22 20:15:16 +0800,Anderson-Stokes,guest
Wonda Littel,toby.adams@hintz-grant.co,2021-08-11 03:52:02 +0800,Kling Group,guest
Catherine Quitzon,,2021-07-06 14:21:03 +0800,"Ward, Purdy and Bahringer",guest
Patti Hammes MD,antoinette.johnston@huels.net,2021-04-06 08:08:56 +0800,"Ward, Purdy and Bahringer",guest
박서준,park.joon.seo@google.com,2021-09-03 12:37:13 +0800,Anderson-Stokes,member
Evan Koepp,rick@schowalter-davis.net,2022-05-03 12:15:27 +0800,"Zemlak, Walter and Berge",member
Gov. Carey Robel,,2020-09-07 02:46:05 +0800,"Blanda, Lang and Mante",admin
,corrinne_konopelski@gislason-gutmann.info,2022-05-15 10:44:35 +0800,"Mraz, Stamm and Swift",member
Miss Rigoberto Murphy,edgardo@herman.biz,2022-05-30 03:51:28 +0800,"Mraz, Stamm and Swift",guest
Tinisha Lynch,dannette_lemke@crona.co,2021-07-01 20:32:29 +0800,"Zemlak, Walter and Berge",member
Dane Orn,yasmine@gottlieb-champlin.info,2021-01-16 07:42:06 +0800,"Zemlak, Walter and Berge",guest
Bradley Volkman,galen_flatley@morar-bergnaum.net,2020-11-13 01:01:00 +0800,"Feeney, Wiza and Haley",guest
Gregg Carter,aurea_schuster@spencer-runolfsdottir.biz,2021-02-07 09:29:52 +0800,Anderson-Stokes,admin
Walter Goldner,luis@dickens.info,2021-05-27 21:42:42 +0800,Kling Group,guest
Carolyn Donnelly,,2021-06-24 22:30:46 +0800,"Mraz, Stamm and Swift",admin
Mozella Lehner II,cesar_hammes@bernier.io,2021-12-25 08:52:03 +0800,Anderson-Stokes,guest
Arletha Rohan,davis_gusikowski@crooks-graham.co,2021-10-16 08:32:45 +0800,Kling Group,member
Jaleesa Langworth,jerri.fisher@pouros-hudson.co,2022-03-14 14:14:05 +0800,"Feeney, Wiza and Haley",
Percy Fay,louie.schoen@farrell.net,2021-06-16 01:41:59 +0800,Pagac LLC,admin
Dorian VonRueden,elda.beier@koss-brakus.info,2021-04-01 23:11:07 +0800,"Feeney, Wiza and Haley",member
Sunday Wolff,fletcher.cassin@rosenbaum.co,2021-10-24 04:48:42 +0800,Anderson-Stokes,guest
Rep. Wm Flatley,foster.ebert@pacocha.co,2022-07-12 13:45:51 +0800,"Bode, Schaefer and Kub",member
Mrs. Ollie Bechtelar,maire@brown.biz,2021-09-10 09:28:14 +0800,Anderson-Stokes,member
Chassidy Mayert,hobert@jerde-hills.com,2021-04-10 20:11:53 +0800,"Feeney, Wiza and Haley",member
Francesco Pagac,deloras@lowe-johnson.org,2022-08-04 16:59:18 +0800,"Mraz, Stamm and Swift",member
Prof. Sandy Torphy,caroll@williamson.co,2021-06-23 15:40:12 +0800,Anderson-Stokes,admin
Augustus Gleason,maisha.damore@dickens-predovic.co,2022-06-16 21:51:24 +0800,Kling Group,member
Wei Ankunding,buster@gibson.co,2020-11-05 19:09:55 +0800,Kling Group,member
,bula@simonis.name,2021-10-17 05:45:47 +0800,Anderson-Stokes,guest
Van Mills,sherman_pagac@reinger-cassin.io,2020-11-25 12:28:32 +0800,"Zemlak, Walter and Berge",guest
Sen. Shemeka McDermott,emil@wunsch-cartwright.co,2020-10-14 03:27:24 +0800,"Zemlak, Walter and Berge",guest
Simon King,derick@crooks.biz,2021-07-09 09:02:51 +0800,,guest
Jeraldine Block,leonardo_botsford@hilll.io,2022-04-07 08:15:40 +0800,Anderson-Stokes,admin
Basilia Quitzon,valrie@nader.co,2021-03-14 17:45:30 +0800,Collier Inc,guest
Cecila Considine,lino.fay@franecki.info,2021-08-23 05:54:39 +0800,Anderson-Stokes,member
Moshe Kunde,,2021-04-24 08:04:32 +0800,"Bode, Schaefer and Kub",guest
Dana Macejkovic,willetta@jast.name,2021-03-23 17:57:35 +0800,"Mraz, Stamm and Swift",member
Chanda Bauch,jacquelyne_fadel@medhurst.biz,2021-05-26 17:06:08 +0800,Kling Group,admin
Kasey Cruickshank,gaynell_hackett@wiza.biz,2021-08-31 01:10:07 +0800,"Ward, Purdy and Bahringer",member
Msgr. Joye McLaughlin,,2022-08-25 23:54:42 +0800,"Feeney, Wiza and Haley",member
,kenia@turcotte-murazik.name,2020-10-04 09:43:06 +0800,"Zemlak, Walter and Berge",member
Reginald McDermott,lonny_nikolaus@zieme-howe.net,2020-10-24 21:40:14 +0800,Kling Group,member
Justine Zemlak,sara_schuster@prosacco.io,2022-06-06 10:23:13 +0800,"Bode, Schaefer and Kub",guest
Rep. Karlene Herzog,edward.cronin@wyman.net,2022-06-11 16:26:15 +0800,"Blanda, Lang and Mante",guest
Titus Swaniawski,leland_wolff@kertzmann.co,2022-04-17 05:05:15 +0800,"Zemlak, Walter and Berge",member
The Hon. Roseanna Wintheiser,aubrey_spencer@ankunding.net,2021-08-13 09:09:20 +0800,"Feeney, Wiza and Haley",member
Msgr. Kathey Littel,wade.leannon@boyer-gottlieb.co,2022-02-12 03:46:11 +0800,Kling Group,guest
Msgr. Jeanie McClure,malcolm_sporer@kozey.com,2021-09-10 00:19:57 +0800,"Ward, Purdy and Bahringer",member
Shizuko Ruecker,ben@smitham-zulauf.co,2021-12-16 19:48:37 +0800,Anderson-Stokes,guest
Evan McCullough,,2021-06-25 03:49:29 +0800,"Ward, Purdy and Bahringer",guest
,monty@collins.co,2021-11-27 00:39:49 +0800,"Zemlak, Walter and Berge",guest
Ivy Gerhold,alvin@ledner.name,2022-05-03 00:42:31 +0800,"Blanda, Lang and Mante",admin
Mrs. Alia Sipes,augustus@yundt.com,2021-06-05 07:59:29 +0800,Pagac LLC,admin
Hedy Lubowitz V,eleni_mraz@cummerata.biz,2021-12-27 04:16:55 +0800,"Mraz, Stamm and Swift",member
Wiley Rippin JD,dwayne@haag.org,2021-10-09 13:53:30 +0800,Collier Inc,admin
Brendan Turcotte,elisha.koss@quitzon.org,2022-07-18 13:43:36 +0800,Kling Group,guest
Su Mills,divina_kshlerin@lebsack.co,2020-12-01 17:41:18 +0800,"Zemlak, Walter and Berge",admin
Jon Beier PhD,lavinia.heathcote@gerhold.io,2020-09-23 10:07:54 +0800,"Feeney, Wiza and Haley",member
Birdie Krajcik,reiko_okon@zemlak.biz,2021-05-24 12:50:26 +0800,Pagac LLC,
Trinidad Gleichner DC,jerlene_cremin@wolf.net,2021-02-13 12:36:22 +0800,Pagac LLC,guest
Msgr. Thresa Armstrong,isis_purdy@kulas.name,2022-01-16 19:43:43 +0800,"Feeney, Wiza and Haley",admin
Vince Sauer,gennie.pfeffer@greenholt.biz,2022-03-20 07:06:59 +0800,"Bode, Schaefer and Kub",guest
Hugh Doyle MD,evangelina@kilback.org,2020-12-10 00:45:07 +0800,Anderson-Stokes,admin
Marcell Hahn,emmitt.brown@casper.net,2021-03-06 15:22:47 +0800,"Zemlak, Walter and Berge",guest
Mae Wunsch,clifford@schimmel-prohaska.io,2021-09-10 08:03:43 +0800,"Blanda, Lang and Mante",guest
,brice@leuschke-collier.net,2022-03-05 11:06:40 +0800,Kling Group,admin
Martina Stamm,olin_hamill@berge-zulauf.io,2021-02-04 10:23:40 +0800,"Mraz, Stamm and Swift",member
Tijuana Nienow,nathanial@williamson.co,2021-07-11 05:54:13 +0800,Kling Group,member
Pres. Alex Nicolas,,2022-02-23 00:51:11 +0800,"Ward, Purdy and Bahringer",member
Linwood Balistreri,major.dibbert@mraz-huels.info,2021-09-19 08:01:44 +0800,"Ward, Purdy and Bahringer",member
Eartha Hyatt,risa_toy@turner.biz,2021-12-27 18:04:04 +0800,Kling Group,guest
Mauro Kilback,gino.carroll@christiansen.info,2022-09-01 20:17:21 +0800,"Blanda, Lang and Mante",
Erin Daugherty,marion@gibson.name,2021-03-07 22:52:07 +0800,Anderson-Stokes,guest
Tobias Swaniawski I,ines_collins@haley-streich.info,2022-01-13 04:59:05 +0800,Anderson-Stokes,guest
Claud Balistreri,darron.larson@gottlieb.io,2022-04-22 23:56:43 +0800,Pagac LLC,member
Hai Lemke,shana.miller@heathcote-okeefe.name,2021-08-23 05:11:22 +0800,Pagac LLC,member
Ollie Johnson Sr.,estelle.adams@konopelski.info,2022-04-09 03:05:16 +0800,Pagac LLC,member
Latoyia Swaniawski IV,amparo@zboncak.org,2021-12-03 13:42:59 +0800,"Blanda, Lang and Mante",member
Carlotta Becker,latasha@schultz-white.org,2022-07-04 16:01:08 +0800,"Feeney, Wiza and Haley",guest
Sen. Yuk Gibson,jean@ebert.io,,"Zemlak, Walter and Berge",member
Melania Kohler,pat@corwin.name,2022-05-10 01:30:15 +0800,"Bode, Schaefer and Kub",guest
Miss Kina Zieme,wilson@schulist-ondricka.co,2022-01-24 14:07:15 +0800,"Feeney, Wiza and Haley",admin
Kasi Gleason Jr.,william.renner@auer.biz,,Kling Group,guest
Mariano Kunze,matthew_ullrich@hodkiewicz.com,2021-05-28 17:17:29 +0800,"Feeney, Wiza and Haley",member
Kisha Kub,fe@hermann.io,2021-09-04 01:34:46 +0800,"Ward, Purdy and Bahringer",guest
Adam Bahringer,,2022-08-26 12:26:28 +0800,Pagac LLC,admin
Ashli Will,boris_bartell@cassin.co,,"Feeney, Wiza and Haley",member
Carlos Turcotte,felicidad_moore@durgan-altenwerth.info,2022-05-26 00:20:36 +0800,"Feeney, Wiza and Haley",guest
Jacob Renner,hyman@pouros.name,2022-01-29 15:43:19 +0800,"Mraz, Stamm and Swift",guest
Gov. Dalton Hoppe,theron@hilpert-schumm.name,2021-01-15 03:29:57 +0800,"Feeney, Wiza and Haley",admin
Kendall Lang,francoise.moore@hoeger.info,2021-03-03 03:07:44 +0800,"Ward, Purdy and Bahringer",guest
Nathanial Jerde,gustavo@okuneva-oconnell.name,2022-03-27 14:53:39 +0800,Kling Group,member
Amb. Mui Kling,imelda_bradtke@ankunding-dach.net,2020-11-14 10:11:32 +0800,Pagac LLC,member
Danille MacGyver,amado@gutmann-jaskolski.net,2021-12-25 14:38:40 +0800,"Blanda, Lang and Mante",guest
Nelson Wiza Ret.,weldon.bins@erdman-deckow.name,2021-11-07 19:26:45 +0800,"Bode, Schaefer and Kub",member
Isidro Schmitt,salvatore_jenkins@fadel-sanford.info,,Collier Inc,member
Karl Schoen,frederic.feeney@sipes-ernser.io,,Collier Inc,member
,ilana.jones@oreilly.net,2021-02-21 07:30:45 +0800,"Blanda, Lang and Mante",member
Ross Padberg,lavone.stehr@lehner-heller.name,2021-02-15 06:21:10 +0800,"Ward, Purdy and Bahringer",guest
Yesenia Leuschke,marvin_kertzmann@ferry.name,2021-08-27 04:25:09 +0800,"Mraz, Stamm and Swift",admin
Brandy Kuphal,brian_schmidt@heller.name,2022-06-22 14:38:57 +0800,"Blanda, Lang and Mante",admin
Vivien Turcotte,yvette.conroy@carroll.info,2021-06-21 16:57:16 +0800,"Blanda, Lang and Mante",member
Bobbie Nienow Ret.,ezra_ullrich@dach.biz,2021-05-27 03:00:04 +0800,Pagac LLC,member
Katie Kutch,rudolph@gulgowski.net,2021-06-19 11:45:58 +0800,,guest
Gail Nolan,mickey@ferry.info,,"Ward, Purdy and Bahringer",admin
Lupita Padberg,kelvin@moen.org,2021-06-06 10:52:19 +0800,Collier Inc,admin
Britt Gibson,valerie_turner@hermann-strosin.org,2021-07-05 14:50:40 +0800,"Mraz, Stamm and Swift",member
Arden Mosciski,nicholle.dietrich@thompson.io,,"Bode, Schaefer and Kub",admin
Joseph Sipes,irwin@sporer.io,2022-07-24 23:38:43 +0800,Collier Inc,admin
Selina Becker,shelly@dubuque-witting.net,,"Feeney, Wiza and Haley",admin
Pasquale Kassulke,derek@marvin-nicolas.co,2021-06-10 20:50:49 +0800,"Ward, Purdy and Bahringer",guest
Scott Erdman,renetta.grady@pfannerstill-murray.biz,2021-05-10 10:28:07 +0800,Collier Inc,guest
Leatha Wiza V,sara@hudson.co,2022-01-28 16:10:43 +0800,Anderson-Stokes,guest
Carrol Becker,james.wyman@prosacco.name,2022-03-22 23:01:08 +0800,Kling Group,member
Jeremiah West,luciano_homenick@kessler.biz,2021-01-30 04:34:47 +0800,Collier Inc,guest
Moses Cummings,dorian_rutherford@feil.com,2021-01-08 18:57:30 +0800,Pagac LLC,guest
Vivan Ebert MD,gilma.dicki@haag.name,2022-06-20 18:11:32 +0800,"Ward, Purdy and Bahringer",member
Calista Swift,giovanni_stroman@torphy.org,2021-01-29 07:21:29 +0800,,guest
Ms. Jacquetta Pouros,jame@macejkovic.co,2021-10-12 12:06:06 +0800,"Mraz, Stamm and Swift",guest
Gail Klocko DDS,giovanna_schoen@dickens.info,2022-07-03 15:38:11 +0800,"Mraz, Stamm and Swift",admin
Agustin Pfannerstill,alphonso@ferry.co,2021-03-03 03:46:08 +0800,"Feeney, Wiza and Haley",member
Ms. Mee King,earle@bosco-thompson.name,2022-05-22 10:04:22 +0800,Anderson-Stokes,guest
Rep. Jayne Luettgen,allison@breitenberg.info,2021-04-12 06:40:44 +0800,Collier Inc,admin
Kayleigh Green PhD,kim@johns.com,2022-02-21 18:04:47 +0800,"Bode, Schaefer and Kub",guest
Georgeann Spencer DDS,bernadette@jerde-doyle.net,2022-04-24 15:16:35 +0800,"Blanda, Lang and Mante",member
Una Kuhlman II,gilberte@feil.com,2022-02-23 05:31:14 +0800,"Blanda, Lang and Mante",guest
Raymond Kuvalis II,johnathon.hammes@tromp.net,2021-11-28 05:15:51 +0800,"Feeney, Wiza and Haley",member
Josh Rowe Esq.,millard_hintz@wuckert.com,2022-08-26 09:01:30 +0800,"Ward, Purdy and Bahringer",admin
The Hon. Stephanie Bauch,kizzy.kilback@pollich.io,2021-07-05 14:27:22 +0800,Anderson-Stokes,member
Audrea Jast,cameron@kris.net,2021-06-27 13:57:22 +0800,"Ward, Purdy and Bahringer",member
Timothy Gutkowski,,2021-11-16 05:12:21 +0800,Kling Group,guest
Alline Macejkovic,kurtis.renner@balistreri-kessler.info,2022-06-17 22:57:55 +0800,Pagac LLC,admin
Gabriele Bednar VM,kami@rath.com,2021-04-11 21:39:25 +0800,"Blanda, Lang and Mante",guest
Alfred Greenholt,jarred@oconner-hammes.org,2021-11-23 09:04:02 +0800,,admin
Trudy Schmidt,jc@langworth.info,2021-12-26 03:15:58 +0800,Anderson-Stokes,member
Wilton Crona,cesar@romaguera.io,2022-07-28 08:19:41 +0800,"Zemlak, Walter and Berge",admin
Miss Rene Kemmer,korey_ernser@jacobson.net,2021-07-21 11:39:13 +0800,"Bode, Schaefer and Kub",guest
Shanon Harber,carolyne@osinski-funk.org,2021-12-18 04:29:27 +0800,Kling Group,member
Melida Blanda,tonda@waters.info,2020-10-16 15:13:42 +0800,Pagac LLC,admin
Korey Lebsack,adrian_johnson@daugherty.com,2021-10-26 19:40:06 +0800,"Zemlak, Walter and Berge",admin
Amb. Karan Homenick,marcelino.ratke@stroman.co,2020-11-10 17:50:31 +0800,Kling Group,member
Pasquale Boyle PhD,bo@toy.com,2021-07-25 16:07:27 +0800,"Bode, Schaefer and Kub",guest
Jeffry Hegmann DO,hanh.becker@fadel.name,2020-10-22 20:09:18 +0800,"Ward, Purdy and Bahringer",member
Cristopher Dickens,scott.douglas@mcclure.co,2021-12-15 21:53:57 +0800,"Bode, Schaefer and Kub",member
Rev. Tresa Swift,sun@mayert.io,2022-01-08 13:29:01 +0800,"Ward, Purdy and Bahringer",guest
Wesley Cartwright,manda.waelchi@mills.name,2020-09-28 07:09:22 +0800,"Ward, Purdy and Bahringer",member
Rochelle Cremin,juliann.mayert@bogisich.co,,Pagac LLC,admin
Otelia Zieme Jr.,dee@parker.info,2022-04-26 15:43:06 +0800,"Bode, Schaefer and Kub",admin
,una.nolan@lebsack-dickinson.biz,2020-12-10 08:49:31 +0800,"Blanda, Lang and Mante",member
Wilburn Kovacek,torie.strosin@kilback-padberg.io,2022-06-26 07:54:09 +0800,"Bode, Schaefer and Kub",member
Bobbie MacGyver,fae_wuckert@fisher-kessler.info,2021-03-23 23:01:13 +0800,"Ward, Purdy and Bahringer",member
Debby Romaguera,denver@powlowski.org,2021-10-01 02:03:04 +0800,"Feeney, Wiza and Haley",admin
Corrine Fadel V,willy_wolf@mayert.com,2021-08-21 16:02:05 +0800,"Blanda, Lang and Mante",member
Loida Lindgren,juan@rau.biz,2022-04-27 10:17:13 +0800,"Bode, Schaefer and Kub",admin
Pearline Stehr,elaina@christiansen.com,2022-09-03 06:10:56 +0800,"Feeney, Wiza and Haley",member
Brett Marvin,sonja.lind@kerluke.co,2021-03-28 16:17:26 +0800,Anderson-Stokes,member
Lindsay Skiles,lesia@bernhard.com,2022-04-23 06:25:45 +0800,"Bode, Schaefer and Kub",guest
Cecily Dietrich PhD,antonette.wehner@bosco.net,2021-01-02 08:42:50 +0800,Pagac LLC,admin
Clark Stanton,roderick@keebler-baumbach.name,2021-09-07 18:03:09 +0800,Collier Inc,member
Delsie King DDS,timmy.gorczany@rosenbaum.co,2021-11-23 09:02:09 +0800,"Zemlak, Walter and Berge",member
,vania.legros@lind.biz,2022-03-02 09:31:38 +0800,"Blanda, Lang and Mante",admin
Brandon Kilback I,trinidad_borer@franecki-jakubowski.io,2022-02-06 12:07:11 +0800,Collier Inc,guest
Hong Medhurst Sr.,mickey@ruecker.info,2021-03-28 02:39:13 +0800,"Feeney, Wiza and Haley",guest
Rosalva Corwin,fredia.ortiz@zemlak-bruen.org,2020-11-05 08:48:07 +0800,"Ward, Purdy and Bahringer",guest
Sen. Shyla Dickinson,shelli.kunde@roob.io,2022-03-01 11:23:54 +0800,"Feeney, Wiza and Haley",guest
Florida Ratke,eli_hyatt@orn-howe.com,2020-12-12 21:35:52 +0800,"Blanda, Lang and Mante",admin
Henrietta Kozey,larry_rodriguez@beatty-gottlieb.io,,Kling Group,guest
Perla Jacobi,georgann_boyle@bradtke.co,2021-12-21 09:04:20 +0800,"Mraz, Stamm and Swift",admin
Jaime Harris,madalene@marks.name,2022-01-11 17:10:57 +0800,"Zemlak, Walter and Berge",admin
Hanna Jacobi DO,marlin.lehner@glover.name,2021-05-10 20:59:13 +0800,"Mraz, Stamm and Swift",guest
Jennette King,jerome.mitchell@doyle-rowe.info,2022-07-28 18:22:19 +0800,"Zemlak, Walter and Berge",member
Lauren Leffler,stewart_hilpert@bins-jenkins.name,2020-11-02 06:13:02 +0800,Kling Group,member
,albert_hills@olson.net,2022-07-12 11:09:50 +0800,Pagac LLC,guest
Nila Zulauf,cora@morissette.com,2021-08-25 12:01:34 +0800,Collier Inc,member
Jody Price,amparo.johnson@hills.com,2020-12-14 20:46:18 +0800,Kling Group,admin
,taryn@lueilwitz.name,2021-12-06 13:24:20 +0800,Pagac LLC,member
Milissa Lesch,ollie@conroy.name,2022-08-20 10:55:23 +0800,,member
Grace Roob,francisco@jerde.io,2021-07-01 12:44:48 +0800,"Ward, Purdy and Bahringer",guest
Randall Spinka,winston.carroll@beahan.co,2021-03-14 08:26:38 +0800,"Ward, Purdy and Bahringer",member
,,,,
Fr. Cleveland Cartwright,johnnie@oreilly.info,2022-04-05 01:07:20 +0800,Kling Group,admin
Rodolfo Schmidt,marvella@keeling.co,2021-04-29 20:09:36 +0800,"Mraz, Stamm and Swift",member
Lilia Donnelly,babara_howe@toy-ward.io,2021-01-26 11:11:59 +0800,Kling Group,admin
Junior Kris,don@kris-raynor.info,2021-03-30 19:47:40 +0800,Pagac LLC,guest
Deonna Labadie,johnna.skiles@zboncak-walsh.net,2021-01-24 09:07:29 +0800,"Mraz, Stamm and Swift",admin
Korey Bartell Esq.,regena.walsh@keeling.com,2021-04-11 04:23:55 +0800,"Blanda, Lang and Mante",member
Tesha Towne CPA,jena@greenholt.biz,2021-03-28 23:04:31 +0800,"Blanda, Lang and Mante",member
Carlton Torphy DVM,gabriel@spencer.org,2021-11-19 15:29:18 +0800,"Feeney, Wiza and Haley",guest
,rickey_wolff@haley-turcotte.info,2020-12-06 08:23:08 +0800,Pagac LLC,guest
June Smitham,maurita_hamill@krajcik.name,2020-11-23 11:56:48 +0800,"Bode, Schaefer and Kub",member
Lonny Feil,michael.williamson@cummings.io,2022-02-05 19:54:37 +0800,Kling Group,guest
Joella Rath,julee@hagenes.name,2020-12-12 07:20:42 +0800,"Bode, Schaefer and Kub",admin
Tiffany Brakus,carmelo@grimes.com,2022-03-04 18:04:37 +0800,Kling Group,
Joesph Pacocha,merrill@connelly-koch.biz,2021-08-03 10:53:34 +0800,Collier Inc,guest
Larhonda Koch,carol.abbott@lemke-dickinson.net,2021-12-07 02:12:50 +0800,"Zemlak, Walter and Berge",admin
Horace Lynch,gene@mohr.org,2022-06-05 03:39:46 +0800,,member
Tyrone Buckridge,nicolasa@sauer.io,2021-02-24 07:03:54 +0800,Anderson-Stokes,member
Aubrey Hand,emile@simonis.org,2021-07-23 00:43:30 +0800,Anderson-Stokes,member
Darlene Glover,jamey@langosh-mccullough.biz,2021-02-09 02:30:48 +0800,"Zemlak, Walter and Berge",admin
Cody Bruen DDS,odelia@williamson.name,2021-12-27 22:23:19 +0800,"Ward, Purdy and Bahringer",admin
Park Seo-joon,park.joon.seo@google.com,2021-09-03 12:37:13 +0800,Anderson-Stokes,member
Bao Runolfsdottir,jerrold@effertz.io,2021-01-31 11:56:08 +0800,"Bode, Schaefer and Kub",guest
Jan Mueller,bertie.abbott@williamson.org,2022-05-14 14:13:02 +0800,"Zemlak, Walter and Berge",member
Terrell Grimes VM,hunter@botsford.info,2021-08-24 15:15:44 +0800,Kling Group,guest
Ehtel Langosh,domingo_wilderman@hyatt.io,2022-08-06 00:28:08 +0800,"Zemlak, Walter and Berge",guest
Chi Pollich,rachal@bins.name,2021-05-13 20:13:40 +0800,Anderson-Stokes,admin
Shaina O'Keefe,wendi_kiehn@stokes.org,2022-08-24 11:18:08 +0800,"Feeney, Wiza and Haley",guest
Noma Lueilwitz,faustino_maggio@bruen.org,2021-12-14 07:32:27 +0800,Collier Inc,member
Myles MacGyver,perla@wolff.name,2020-09-12 03:06:27 +0800,"Mraz, Stamm and Swift",guest
Royce Sipes,israel@schamberger.io,2022-02-08 09:51:38 +0800,Kling Group,guest
,trinity_rempel@sauer-lowe.com,2022-01-14 05:46:10 +0800,"Blanda, Lang and Mante",member
Joshua Pacocha,reuben@jones.co,2021-03-15 07:40:06 +0800,"Blanda, Lang and Mante",guest
Darius Stoltenberg Esq.,latasha@hills-johnson.net,2021-08-18 19:11:22 +0800,Kling Group,guest
The Hon. Carmelo Kunze,clement@fadel.org,2021-02-04 05:38:20 +0800,Kling Group,admin
Drusilla Mills,lavada@bosco.info,2022-04-19 01:09:23 +0800,,guest
Cecila DuBuque,cathleen.goldner@crooks.com,2022-06-19 10:39:18 +0800,"Zemlak, Walter and Berge",admin
Williams O'Hara,abram@schamberger.name,2021-05-16 17:46:47 +0800,"Ward, Purdy and Bahringer",member
Glen Farrell CPA,claudio_glover@grady.name,2022-07-13 02:07:17 +0800,"Bode, Schaefer and Kub",admin
Chase Christiansen,leroy@von.info,2021-11-25 18:24:17 +0800,Pagac LLC,member
Jina Spencer,giovanni@rippin.co,2020-11-13 01:54:14 +0800,"Blanda, Lang and Mante",member
Msgr. Danille Rau,thao_oconnell@wilderman.io,2021-12-30 14:46:49 +0800,"Blanda, Lang and Mante",admin
Rolando Gleason,kareem@bartell.com,2021-02-11 14:07:37 +0800,"Blanda, Lang and Mante",admin
,donnie.reichel@lesch.co,2021-06-26 23:12:08 +0800,"Ward, Purdy and Bahringer",admin
Andrew Ebert,tod@howe.org,2021-10-05 05:48:58 +0800,"Zemlak, Walter and Berge",guest
Long Wehner,stacy.hane@nicolas.info,2020-10-28 04:49:49 +0800,Kling Group,admin
Ervin Rau MD,jose.cormier@lockman-reinger.io,2021-05-08 08:52:13 +0800,"Blanda, Lang and Mante",admin
Tyra Barton IV,milagro@daugherty-schowalter.io,2022-08-27 09:12:18 +0800,Collier Inc,guest
,birdie_damore@spinka-doyle.biz,2021-01-10 03:37:36 +0800,"Zemlak, Walter and Berge",admin
Angele Leuschke,,2022-04-07 18:14:23 +0800,Pagac LLC,guest
Lakendra Lemke,nelida_metz@durgan.io,2021-05-25 07:57:33 +0800,"Bode, Schaefer and Kub",member
Dann Murray,charlyn@conn.org,,Pagac LLC,admin
Elfreda Okuneva,rhett_corwin@abshire.io,2021-04-15 19:32:44 +0800,Pagac LLC,admin
Chantay Schoen,apryl_toy@gorczany.name,2021-09-06 23:52:59 +0800,,member
Deloris Lindgren,kasey@kemmer.co,2022-05-26 10:11:49 +0800,Kling Group,admin
Cleo Kulas,lucien@veum.io,2022-07-12 05:24:29 +0800,Anderson-Stokes,guest
Emil Keeling JD,lavonne@altenwerth.co,2022-06-28 15:01:57 +0800,"Bode, Schaefer and Kub",guest
Reyes Zboncak,linda@erdman-anderson.org,2021-03-24 14:09:38 +0800,"Blanda, Lang and Mante",admin
Denisha Zemlak,wilber.schmitt@rempel.io,2022-06-06 01:17:58 +0800,Collier Inc,admin
Randy O'Keefe,trenton@torphy.biz,,"Feeney, Wiza and Haley",member
Del Pollich,francisca.swift@ankunding.org,2020-12-13 06:35:22 +0800,"Mraz, Stamm and Swift",admin
Mikel Cruickshank I,willian.cremin@corkery-lynch.info,2020-12-11 06:10:06 +0800,Collier Inc,admin
Granville Bartoletti,loree@christiansen.name,2020-11-16 22:48:17 +0800,Kling Group,guest
Ken Rice,,2022-01-15 12:34:25 +0800,Collier Inc,admin
Aubrey Kovacek,rudolf.wolff@morar-schowalter.info,2021-11-23 17:59:26 +0800,"Mraz, Stamm and Swift",admin
Fr. Moshe Abshire,mara@sanford-kertzmann.name,2021-05-04 20:52:37 +0800,"Feeney, Wiza and Haley",member
Gov. Violet Braun,sang@gerhold-littel.org,2022-04-07 01:01:59 +0800,Anderson-Stokes,admin
Prof. Paola Dach,ella_klocko@ullrich.com,,Collier Inc,admin
Natasha Farrell,paul@cremin.net,2022-02-28 18:05:47 +0800,Kling Group,member
Micah Weissnat III,elanor@goyette.co,2022-07-20 14:38:46 +0800,"Bode, Schaefer and Kub",member
Nathanial Erdman,karina_damore@sanford.com,2022-05-26 11:20:12 +0800,Kling Group,member
Ray Larkin I,elmira_senger@graham.org,2021-10-19 00:08:34 +0800,Anderson-Stokes,admin
Maia Lubowitz,kimberley@dach-langosh.net,2021-05-04 06:28:14 +0800,Collier Inc,member
Edison DuBuque,tim@romaguera.io,2021-04-21 04:37:51 +0800,"Ward, Purdy and Bahringer",member
Mitchell Wolff,boris@becker.name,2021-06-29 22:15:12 +0800,Collier Inc,member
Blanch Harber,marlyn@ratke.biz,2020-11-19 21:35:24 +0800,Kling Group,member
Terisa D'Amore Ret.,xuan@block-nienow.info,2022-04-23 01:09:20 +0800,"Zemlak, Walter and Berge",guest
Kallie Satterfield,pam@bednar-berge.info,2022-03-12 11:48:29 +0800,"Feeney, Wiza and Haley",admin
Msgr. Eleni Connelly,elliott@ryan.biz,2020-12-05 16:45:49 +0800,Collier Inc,member
Buddy Reynolds,les@damore-gislason.net,2021-08-07 11:19:55 +0800,Anderson-Stokes,member
Henrietta Rodriguez,desiree@streich.info,2021-08-03 05:51:22 +0800,"Blanda, Lang and Mante",guest
Myles Wilkinson,bernetta_leffler@kuhic.net,2020-12-18 15:22:14 +0800,Kling Group,member
Pat Reynolds JD,eneida_bernhard@kuvalis-harvey.info,2021-11-24 07:32:04 +0800,Collier Inc,member
Bud Ryan,courtney_senger@wintheiser.io,2022-05-26 06:51:29 +0800,"Blanda, Lang and Mante",admin
Mr. Carisa Cronin,adrien_greenholt@price.net,2022-04-21 11:19:21 +0800,,admin
Lamar Heathcote,kendall@schowalter.org,2020-10-29 17:35:29 +0800,,guest
Gov. Kourtney Schoen,kaitlyn.murphy@prosacco-parker.org,2021-11-12 05:21:51 +0800,Kling Group,admin
The Hon. Lovetta Halvorson,,2021-01-03 04:29:32 +0800,"Mraz, Stamm and Swift",guest
Rocco Powlowski,mckinley@kreiger-harber.net,2021-06-03 22:22:05 +0800,"Bode, Schaefer and Kub",admin
Erich Shields I,,2021-01-15 08:52:24 +0800,Collier Inc,guest
Fr. Teri Gibson,kermit.upton@luettgen.name,2020-09-24 14:11:45 +0800,"Ward, Purdy and Bahringer",admin
Lenard Towne,leonel@howe.info,2022-07-18 05:45:55 +0800,"Zemlak, Walter and Berge",guest
Winford Hickle,cathie@mcclure-witting.io,2020-09-20 00:35:12 +0800,"Feeney, Wiza and Haley",admin
Gov. Conrad Collins,cassey.batz@predovic.info,2021-04-09 14:07:22 +0800,,admin
Miss Elvira Barton,jestine.russel@kreiger-gleichner.info,2021-01-05 03:43:04 +0800,"Zemlak, Walter and Berge",admin
Kevin Mills,malia@toy.info,2021-11-02 01:32:39 +0800,"Blanda, Lang and Mante",member
Granville Bernier,willetta_haley@hilll.io,2020-10-29 11:48:54 +0800,Anderson-Stokes,member
Lecia Daniel,clint.rohan@wuckert.io,2021-09-17 08:12:39 +0800,"Feeney, Wiza and Haley",guest
Winford Reinger,donnie@windler-macejkovic.co,2022-03-03 16:32:59 +0800,"Mraz, Stamm and Swift",guest
Dion Gusikowski,al@moen.info,2021-07-05 13:37:02 +0800,"Mraz, Stamm and Swift",admin
Latashia Hand,anibal.osinski@nitzsche.org,2021-09-25 03:05:59 +0800,Collier Inc,
Belia Wehner,alonzo@bernhard.name,2022-04-09 12:15:01 +0800,Kling Group,member
Francis Daugherty,camellia@goldner.com,2020-09-16 20:19:02 +0800,Pagac LLC,guest
,devon@okuneva.name,2022-05-18 04:40:35 +0800,"Zemlak, Walter and Berge",member
Shyla Jerde,benny.murazik@walter.info,2022-09-06 14:08:04 +0800,"Bode, Schaefer and Kub",guest
Domingo Funk IV,andres_murray@rice.biz,2021-08-10 18:24:01 +0800,Kling Group,member
Fr. Taylor Hoeger,roderick.krajcik@marquardt.org,2022-04-16 11:10:06 +0800,"Feeney, Wiza and Haley",member
Son Beier,milford.breitenberg@greenholt.info,2021-08-25 04:41:22 +0800,"Feeney, Wiza and Haley",
Chauncey Hand,dianna@feest.info,2021-07-23 07:32:07 +0800,Anderson-Stokes,member
Gov. Lindsey Kuphal,marquis@schmeler.com,2021-11-12 03:39:41 +0800,"Mraz, Stamm and Swift",member
Yuk Lueilwitz,shanta@rempel-kuhlman.name,,Pagac LLC,guest
The Hon. Tamica Dibbert,loura.adams@padberg.com,2021-11-19 09:22:51 +0800,"Ward, Purdy and Bahringer",admin
Nikia Upton III,dulce@hintz.info,2020-12-30 09:13:46 +0800,"Zemlak, Walter and Berge",admin
Branden Becker,vita.lubowitz@schulist.net,2021-10-30 06:48:57 +0800,Anderson-Stokes,guest
Ms. Elayne Volkman,roman_white@dooley.org,,Anderson-Stokes,guest
Shiloh Hettinger,ela@corwin.io,2021-12-31 22:32:43 +0800,,guest
Tiny Kuhn,guillermo.connelly@conroy-rippin.com,2021-02-28 01:08:25 +0800,Kling Group,guest
Carmine Koelpin,leon@doyle.co,2021-03-22 20:37:59 +0800,Kling Group,member
Norris Reichert LLD,flavia@auer.name,2021-10-05 06:07:25 +0800,"Mraz, Stamm and Swift",admin
Lawrence Rice MD,josh_gottlieb@bogisich.com,2020-11-19 12:35:12 +0800,"Mraz, Stamm and Swift",guest
Herminia Hoppe,deirdre_prosacco@moen.com,2021-08-17 08:02:22 +0800,"Zemlak, Walter and Berge",guest
Gaylene Rohan,ken@gislason.name,2022-07-14 03:17:44 +0800,Pagac LLC,
Donald O'Reilly,wyatt_king@barton-howell.info,2021-08-03 05:54:30 +0800,"Feeney, Wiza and Haley",guest
Ms. Bryanna Durgan,terrie@schmidt-kovacek.biz,2022-05-14 08:52:58 +0800,"Feeney, Wiza and Haley",guest
,octavio.howe@huels.co,2021-06-24 07:27:07 +0800,"Zemlak, Walter and Berge",member
Mr. Theressa Considine,elliot_mcdermott@kiehn.co,2022-03-14 10:12:49 +0800,,member
Nolan Schumm,kristina.balistreri@lind.info,2021-11-22 13:40:36 +0800,,admin
Gov. Stacey Wintheiser,devin.kirlin@grant.io,2022-02-06 20:02:01 +0800,Kling Group,admin
Fr. Rupert Howe,emelda@rau.co,2021-06-24 15:39:36 +0800,"Bode, Schaefer and Kub",guest
Luke Funk III,cindy@grimes-blick.info,2021-01-09 03:50:41 +0800,"Feeney, Wiza and Haley",admin
Dwayne Gerhold,garrett.nolan@kris.org,2022-07-08 21:22:52 +0800,"Bode, Schaefer and Kub",member
Joseph Thompson,hong.von@gutmann.info,2021-05-06 14:16:20 +0800,"Ward, Purdy and Bahringer",guest
Kacey Trantow,,2022-04-07 17:55:52 +0800,"Blanda, Lang and Mante",admin
Fredricka Schuster DVM,damon@marquardt.co,2021-12-19 11:11:11 +0800,"Feeney, Wiza and Haley",admin
Lacresha Bayer CPA,quincy_kirlin@schmidt-torp.co,2021-05-01 11:39:46 +0800,"Bode, Schaefer and Kub",member
Cathrine Daugherty,athena_carroll@schiller.co,2020-12-18 21:19:10 +0800,"Bode, Schaefer and Kub",admin
Miss Cristine Kemmer,adriene_aufderhar@gutmann-labadie.co,2021-11-26 19:58:48 +0800,Pagac LLC,guest
Maxwell Ward,martina@walker.biz,2022-04-05 00:22:36 +0800,"Mraz, Stamm and Swift",guest
Stephan Gutkowski,,2020-12-02 11:58:29 +0800,Anderson-Stokes,admin
Williams Nicolas,jewel@tromp.biz,2022-06-10 02:51:58 +0800,Anderson-Stokes,admin
Shelley Thiel,,2021-09-13 06:31:00 +0800,"Bode, Schaefer and Kub",member
Foster Stanton III,jacquelin_mraz@hartmann.io,2021-12-10 14:43:35 +0800,Collier Inc,admin
Bernard Mitchell III,zachery.hyatt@reynolds.com,2021-07-03 07:03:16 +0800,"Ward, Purdy and Bahringer",member
Francie Schulist,andre.kihn@boyer.biz,2020-10-30 13:24:49 +0800,"Ward, Purdy and Bahringer",admin
Kasi Price,jene@murray.net,2021-03-25 15:37:13 +0800,Kling Group,guest
Starla Krajcik,jackson@watsica-wehner.biz,2022-03-14 13:54:40 +0800,"Bode, Schaefer and Kub",member
Lawanda Deckow,nadene@willms.net,2021-09-01 21:30:04 +0800,Anderson-Stokes,guest
Avril Johnston,katie@robel.biz,2022-02-12 11:36:43 +0800,Pagac LLC,guest
,,,,
Msgr. Odis Powlowski,kala@feil-collier.org,2021-10-29 14:14:59 +0800,"Mraz, Stamm and Swift",member
Dewayne Zulauf MD,evita@ondricka-upton.info,2020-11-06 20:42:13 +0800,Anderson-Stokes,guest
Prof. Celia Bode,dionne.cormier@damore-huels.co,2022-03-30 00:01:01 +0800,"Zemlak, Walter and Berge",admin
Reena Terry,keli_kohler@lehner.info,2021-11-09 23:12:23 +0800,"Bode, Schaefer and Kub",guest
Jadwiga Sawayn,len.kihn@harvey.biz,2020-11-14 17:41:47 +0800,"Ward, Purdy and Bahringer",member
Mr. Jeromy Denesik,,2022-02-23 21:20:54 +0800,Kling Group,member
Prof. Jay Mueller,wyatt.parker@ebert.io,,"Ward, Purdy and Bahringer",admin
Miss Twanda Haley,ai.willms@oreilly.com,2021-10-03 11:20:39 +0800,"Zemlak, Walter and Berge",admin
Mrs. Juliane Thiel,benedict@towne.name,2020-11-25 23:46:15 +0800,"Blanda, Lang and Mante",guest
Leandro Christiansen,alma.batz@christiansen.biz,2020-12-17 23:28:37 +0800,,guest
Rep. Garret Zboncak,clementina@heller-pouros.info,2020-12-19 22:13:45 +0800,"Ward, Purdy and Bahringer",guest
Mrs. Normand Jacobs,maisha@lang.org,2020-11-24 02:52:48 +0800,"Ward, Purdy and Bahringer",guest
Jillian Walker,annalee.nader@murazik.co,2021-05-16 11:37:12 +0800,Collier Inc,member
Linn Rogahn,frederic@littel.info,2021-06-03 13:10:48 +0800,"Ward, Purdy and Bahringer",admin
Daryl Wolf,alfredo.runte@kassulke.net,2022-03-11 03:55:20 +0800,"Blanda, Lang and Mante",guest
Cornell Kshlerin,nevada.stehr@pfeffer.co,2022-01-27 20:40:33 +0800,"Feeney, Wiza and Haley",member
Deonna Kozey,nathanael.jacobs@auer.co,2022-06-30 17:43:21 +0800,Pagac LLC,guest
Ben Dietrich,fredricka@schamberger.com,2021-11-30 01:49:48 +0800,"Bode, Schaefer and Kub",admin
Joanne Skiles,serafina@bergstrom-koch.com,2022-01-31 17:42:58 +0800,"Mraz, Stamm and Swift",admin
The Hon. Arthur Erdman,alonso_mayert@herman.io,2021-12-03 18:00:24 +0800,"Zemlak, Walter and Berge",admin
Julissa Glover,latanya@aufderhar.info,2021-07-19 05:12:11 +0800,"Blanda, Lang and Mante",admin
Ivory Rice,,2021-04-20 16:21:21 +0800,"Mraz, Stamm and Swift",guest
Desmond Goldner,micheal.vandervort@thompson-kerluke.co,2021-06-22 11:46:10 +0800,"Feeney, Wiza and Haley",member
Emerson Kub Sr.,laverne.okeefe@rowe.biz,2022-01-06 14:36:51 +0800,Collier Inc,guest
Tyrone Pacocha,ela@jacobson.co,2022-07-10 00:34:41 +0800,Collier Inc,admin
,lan.west@thiel-littel.info,2021-08-23 12:17:22 +0800,"Bode, Schaefer and Kub",admin
Kam Lemke,voncile@lockman.name,2022-04-20 20:42:51 +0800,"Bode, Schaefer and Kub",admin
Amos Bosco,perry_schinner@leannon-conn.biz,2021-01-30 03:15:36 +0800,"Blanda, Lang and Mante",member
Spencer Jacobi DDS,fred@dubuque.biz,2021-12-16 07:58:21 +0800,"Blanda, Lang and Mante",admin
Maegan Kessler,jose_bernier@nitzsche-altenwerth.info,2021-06-17 03:44:13 +0800,"Feeney, Wiza and Haley",member
Jae Feeney,,2022-06-19 09:25:49 +0800,"Bode, Schaefer and Kub",guest
Agnes Johnston,kasie_cassin@volkman.name,2020-09-30 18:48:57 +0800,Anderson-Stokes,guest
Bryce Huel,doris@kshlerin.net,2021-02-16 08:12:33 +0800,Kling Group,admin
Tracey Champlin,drew.boyle@kutch.info,2022-04-08 17:11:31 +0800,"Zemlak, Walter and Berge",guest
Fr. Jodi Luettgen,saundra@ebert-greenfelder.org,2022-07-24 07:35:03 +0800,"Mraz, Stamm and Swift",
Emerita Ryan,linh@kozey.com,2021-12-25 04:38:30 +0800,"Bode, Schaefer and Kub",member
Berniece Hickle,jame_price@weimann-klocko.info,2021-08-26 12:42:13 +0800,Collier Inc,member
The Hon. Karon Fritsch,jeanetta@effertz.name,2020-12-09 07:33:57 +0800,"Mraz, Stamm and Swift",member
Malika Feeney,emory@bednar-kautzer.name,2021-07-07 20:11:02 +0800,"Mraz, Stamm and Swift",member
Conrad Rippin Jr.,paulette@mohr-sanford.biz,2022-02-13 10:29:32 +0800,"Bode, Schaefer and Kub",guest
Dorathy Vandervort,teofila@flatley.com,2021-02-03 02:46:16 +0800,Collier Inc,admin
Dr. Ofelia Treutel,sheilah@breitenberg.co,2022-02-11 01:32:18 +0800,Pagac LLC,admin
Maragaret Rodriguez,shella.larkin@armstrong.com,2021-06-13 11:54:58 +0800,Collier Inc,guest
Shelton Bins,arthur_wilkinson@ruecker.com,2020-09-24 21:18:22 +0800,"Bode, Schaefer and Kub",member
Dewayne Miller,alphonse@kertzmann-kreiger.biz,2022-07-23 17:04:39 +0800,,admin
Mrs. Carroll Hermann,antoine@kshlerin.co,2021-08-20 03:41:08 +0800,"Zemlak, Walter and Berge",member
,harris_mcdermott@bahringer.biz,2020-12-26 14:19:16 +0800,"Zemlak, Walter and Berge",member
Lawanda Beier,yvette@crona-ryan.io,2022-02-10 08:13:20 +0800,Kling Group,member
Arlen Boyer DC,anabel@kris-hessel.net,2021-03-02 06:03:49 +0800,"Blanda, Lang and Mante",
Lakenya Parisian,archie@weber-bogisich.org,2021-03-13 19:10:19 +0800,"Blanda, Lang and Mante",member
Stewart Lesch,leo@cormier-hyatt.io,2021-10-18 14:57:22 +0800,"Ward, Purdy and Bahringer",admin
Adrián,adrian@google.com,2022-04-16 05:24:18 +0800,"Feeney, Wiza and Haley",admin
Rey Schmidt,alysha@brekke-sporer.name,2020-12-09 18:05:59 +0800,"Blanda, Lang and Mante",member
Leonarda Ritchie III,kerry.volkman@casper.co,2021-05-31 19:41:42 +0800,Kling Group,guest
Murray Langworth,olen@mcglynn.com,2022-05-01 03:27:18 +0800,Collier Inc,member
Royce Rutherford,savanna.walker@labadie.biz,2020-10-18 03:12:15 +0800,Anderson-Stokes,guest
Darcie Walker,arden@stroman-jenkins.co,2021-12-17 09:25:28 +0800,"Bode, Schaefer and Kub",admin
Ms. Tobias Schneider,monte.cole@wyman.biz,2021-12-07 04:29:17 +0800,Kling Group,guest
Carol Witting,caron_altenwerth@lebsack.name,2020-12-21 06:14:43 +0800,Anderson-Stokes,guest
Noelia Kautzer,agripina_collier@kreiger.info,2022-04-24 01:36:30 +0800,"Bode, Schaefer and Kub",admin
Dr. Paris Welch,emanuel.parisian@beatty.info,2021-01-11 10:11:46 +0800,"Feeney, Wiza and Haley",member
Many Ondricka MD,shalon@labadie.com,2021-07-21 04:07:22 +0800,Kling Group,member
The Hon. Sherilyn O'Connell,shari.luettgen@kirlin.name,2020-12-28 16:45:40 +0800,Kling Group,guest
Noel,noel@google.com,2021-01-22 21:30:16 +0800,"Feeney, Wiza and Haley",member
Sen. Craig Goyette,ewa@bode.info,,"Feeney, Wiza and Haley",admin
Will McDermott,tony_runolfsson@ebert.biz,2022-04-03 15:25:34 +0800,"Ward, Purdy and Bahringer",admin
Senaida Mertz,madge_schaden@ward.com,2021-08-03 16:58:12 +0800,Collier Inc,admin
Jason Fisher,,2020-10-11 18:05:34 +0800,"Zemlak, Walter and Berge",member
Marissa Huels,connie.stehr@schmidt.biz,2020-10-12 10:25:50 +0800,"Blanda, Lang and Mante",guest
Blythe Homenick,luther.corkery@lakin-kihn.name,2020-09-28 12:01:07 +0800,Pagac LLC,admin
Amb. Robert Langworth,tory.grant@daugherty.info,2020-10-03 13:37:51 +0800,"Zemlak, Walter and Berge",admin
Keira Jaskolski Ret.,herb_shanahan@jenkins.biz,2021-03-11 13:13:03 +0800,Kling Group,member
